<?xml version="1.0" encoding="utf-8"?>
<GameData>
    <FrontEndText>
		<Row Tag="LOC_AZTEC_MONTEZUMA_MOD_TITLE">
			<Text>DLC: Aztec Civilization Pack</Text>
		</Row>
		<Row Tag="LOC_AZTEC_MONTEZUMA_MOD_TEASER">
			<Text>New Civilization and Leader - Montezuma of the Aztecs</Text>
		</Row>
		<Row Tag="LOC_AZTEC_MONTEZUMA_MOD_DESCRIPTION">
			<Text>Contains a new civilization and leader as well as a new world wonder.</Text>
		</Row>
		<Row Tag="LOC_AZTEC_MONTEZUMA_MOD_AUTHORS">
			<Text>Firaxis</Text>
		</Row>
   </FrontEndText>
</GameData>

