<?xml version="1.0" encoding="utf-8"?>
<!-- edited with XMLSPY v2004 rel. 2 U (http://www.xmlspy.com) by Ed Beach (Firaxis Games) -->
<GameData>
	<BaseGameText>
		<Row Tag="LOC_DIPLO_DENOUNCE_FROM_HUMAN_ANY_ANY">
			<Text>This situation is going to get worse before it gets any better.</Text>
		</Row>
		<Row Tag="LOC_DIPLO_DENOUNCE_FROM_HUMAN_LEADER_MVEMBA_ANY">
			<Text>I have done nothing wrong, and the people of Kongo do not deserve your slander.</Text>
		</Row>
		<Row Tag="LOC_DIPLO_DENOUNCE_FROM_HUMAN_LEADER_CATHERINE_DE_MEDICI_ANY">
			<Text>The glory and might of France will not be tarnished by such obvious lies.</Text>
		</Row>
		<Row Tag="LOC_DIPLO_DENOUNCE_FROM_HUMAN_LEADER_CLEOPATRA_ANY">
			<Text>You dare insult the New Isis?!? You will regret this!</Text>
		</Row>
		<Row Tag="LOC_DIPLO_DENOUNCE_FROM_HUMAN_LEADER_BARBAROSSA_ANY">
			<Text>I should answer you with my sword…  perhaps I will.</Text>
		</Row>
		<Row Tag="LOC_DIPLO_DENOUNCE_FROM_HUMAN_LEADER_GANDHI_ANY">
			<Text>Your lies will not be believed by the wise, and the foolish will learn their lesson.</Text>
		</Row>
		<Row Tag="LOC_DIPLO_DENOUNCE_FROM_HUMAN_LEADER_GILGAMESH_ANY">
			<Text>Hah! Gilgamesh is stronger than your false words.</Text>
		</Row>
		<Row Tag="LOC_DIPLO_DENOUNCE_FROM_HUMAN_LEADER_GORGO_ANY">
			<Text>Your words are meaningless compared to our deeds.</Text>
		</Row>
		<Row Tag="LOC_DIPLO_DENOUNCE_FROM_HUMAN_LEADER_HARDRADA_ANY">
			<Text>Hah, I’ve burned kingdoms for lesser insults. You’ll pay for this.</Text>
		</Row>
		<Row Tag="LOC_DIPLO_DENOUNCE_FROM_HUMAN_LEADER_HOJO_ANY">
			<Text>Empty words are no threat. Show me action, purpose, discipline!</Text>
		</Row>
		<Row Tag="LOC_DIPLO_DENOUNCE_FROM_HUMAN_LEADER_PEDRO_ANY">
			<Text>This situation is going to get worse before it gets any better.</Text>
		</Row>
		<Row Tag="LOC_DIPLO_DENOUNCE_FROM_HUMAN_LEADER_PERICLES_ANY">
			<Text>All leaders incur hatred and unpopularity; if one has a great aim to pursue, this burden of envy must be accepted.</Text>
		</Row>
		<Row Tag="LOC_DIPLO_DENOUNCE_FROM_HUMAN_LEADER_PETER_GREAT_ANY">
			<Text>My people live through winters more dangerous than your army. Do you think we’re afraid of your threats?</Text>
		</Row>
		<Row Tag="LOC_DIPLO_DENOUNCE_FROM_HUMAN_LEADER_PHILIP_II_ANY">
			<Text>There is no greater sin than to defy the anointed servant of the Lord. You will pay dearly for this.</Text>
		</Row>
		<Row Tag="LOC_DIPLO_DENOUNCE_FROM_HUMAN_LEADER_QIN_ANY">
			<Text>So, an insect dares to offend a dragon. That was not wise.</Text>
		</Row>
		<Row Tag="LOC_DIPLO_DENOUNCE_FROM_HUMAN_LEADER_SALADIN_ANY">
			<Text>Everyone is critical of the flaws of others, but blind to their own.</Text>
		</Row>
		<Row Tag="LOC_DIPLO_DENOUNCE_FROM_HUMAN_LEADER_T_ROOSEVELT_ANY">
			<Text>How dare you!</Text>
		</Row>
		<Row Tag="LOC_DIPLO_DENOUNCE_FROM_HUMAN_LEADER_TOMYRIS_ANY">
			<Text>No one will believe your hollow lies. Tomyris is a good friend to the worthy.</Text>
		</Row>
		<Row Tag="LOC_DIPLO_DENOUNCE_FROM_HUMAN_LEADER_TRAJAN_ANY">
			<Text>So, it is true: one who is full of envy, disparages everything, good or bad.</Text>
		</Row>
		<Row Tag="LOC_DIPLO_DENOUNCE_FROM_HUMAN_LEADER_VICTORIA_ANY">
			<Text>The Queen wishes to warn those who disrespect her people and her mandate of the manifold troubles that will ensue.</Text>
		</Row>
		<Row Tag="LOC_DIPLO_DENOUNCE_FROM_AI_ANY_ANY">
			<Text>The world needs to be aware of your transgressions (Denounces You).</Text>
		</Row>
		<Row Tag="LOC_DIPLO_DENOUNCE_FROM_AI_LEADER_MVEMBA_ANY">
			<Text>You are an evil upon this world. Your name will be cursed for ages. (Denounces You)</Text>
		</Row>
		<Row Tag="LOC_DIPLO_DENOUNCE_FROM_AI_LEADER_CATHERINE_DE_MEDICI_ANY">
			<Text>I don't like the look of what you've been up to. What would your friends think of this information? (Denounces You).</Text>
		</Row>
		<Row Tag="LOC_DIPLO_DENOUNCE_FROM_AI_LEADER_CLEOPATRA_ANY">
			<Text>You are worse than Brutus and Cassius combined. The world will know the truth! (Denounces You)</Text>
		</Row>
		<Row Tag="LOC_DIPLO_DENOUNCE_FROM_AI_LEADER_BARBAROSSA_ANY">
			<Text>The world will know of your treachery. And you will be judged. (Denounces You)</Text>
		</Row>
		<Row Tag="LOC_DIPLO_DENOUNCE_FROM_AI_LEADER_GANDHI_ANY">
			<Text>You are untrustworthy; this is the worst kind of violence. (Denounces You).</Text>
		</Row>
		<Row Tag="LOC_DIPLO_DENOUNCE_FROM_AI_LEADER_GILGAMESH_ANY">
			<Text>Let the world hear my words: you are as treacherous as Ishtar.(Denounces You)</Text>
		</Row>
		<Row Tag="LOC_DIPLO_DENOUNCE_FROM_AI_LEADER_GORGO_ANY">
			<Text>You are worse than sophists. Let the rest of the world know. (Denounces You)</Text>
		</Row>
		<Row Tag="LOC_DIPLO_DENOUNCE_FROM_AI_LEADER_HARDRADA_ANY">
			<Text>There will be no place for you at Odin’s table. You are a disgrace.(Denounces You).</Text>
		</Row>
		<Row Tag="LOC_DIPLO_DENOUNCE_FROM_AI_LEADER_HOJO_ANY">
			<Text>You are a foolish, simple leader. And your people should know the truth. (Denounces You).</Text>
		</Row>
		<Row Tag="LOC_DIPLO_DENOUNCE_FROM_AI_LEADER_PEDRO_ANY">
			<Text>The world needs to be aware of your transgressions (Denounces You).</Text>
		</Row>
		<Row Tag="LOC_DIPLO_DENOUNCE_FROM_AI_LEADER_PERICLES_ANY">
			<Text>Tyrants such as you are abominations. Your people will know the truth of my words. (Denounces You)</Text>
		</Row>
		<Row Tag="LOC_DIPLO_DENOUNCE_FROM_AI_LEADER_PETER_GREAT_ANY">
			<Text>I have seen much in my life, but I have never seen such a despicable leader. You should be ashamed, and will be. (Denounces You).</Text>
		</Row>
		<Row Tag="LOC_DIPLO_DENOUNCE_FROM_AI_LEADER_PHILIP_II_ANY">
			<Text>You are another Judas, come to betray the Lord. (Denounces You).</Text>
		</Row>
		<Row Tag="LOC_DIPLO_DENOUNCE_FROM_AI_LEADER_QIN_ANY">
			<Text>Your reputation is forever tarnished. (Denounces You)</Text>
		</Row>
		<Row Tag="LOC_DIPLO_DENOUNCE_FROM_AI_LEADER_SALADIN_ANY">
			<Text>It is said by my people that the house of a tyrant is a ruin… and all I see is ruin around you. (Denounces You)</Text>
		</Row>
		<Row Tag="LOC_DIPLO_DENOUNCE_FROM_AI_LEADER_T_ROOSEVELT_ANY">
			<Text>I cannot abide a ruler without dignity, and the world must be made aware. (Denounces You)</Text>
		</Row>
		<Row Tag="LOC_DIPLO_DENOUNCE_FROM_AI_LEADER_TOMYRIS_ANY">
			<Text>You are a wretched liar and cannot be trusted! You are the worst of your kind. (Denounces You)</Text>
		</Row>
		<Row Tag="LOC_DIPLO_DENOUNCE_FROM_AI_LEADER_TRAJAN_ANY">
			<Text>The more corrupt the state, the more numerous the laws. And look how many you have! (Denounces You)</Text>
		</Row>
		<Row Tag="LOC_DIPLO_DENOUNCE_FROM_AI_LEADER_VICTORIA_ANY">
			<Text>We will have nothing to do with your administration. You are hereby denounced. (Denounces You)</Text>
		</Row>
		<!-- Diplomatic rationales for denouncement -->
		<Row Tag="LOC_DIPLO_DENOUNCE_REASON_FROM_AI_LEADER_ANY_REASON_OPPORTUNITY">
			<Text>(Probably intends to declare war.)</Text>
		</Row>
		<Row Tag="LOC_DIPLO_DENOUNCE_REASON_FROM_AI_LEADER_ANY_REASON_STANDARD_DIPLOMATIC_ARCHAEOLOGY">
			<Text>(You dug up one of their Artifacts.)</Text>
		</Row>
		<Row Tag="LOC_DIPLO_DENOUNCE_REASON_FROM_AI_LEADER_ANY_REASON_STANDARD_DIPLOMATIC_BROKEN_PROMISE">
			<Text>(You broke a promise to them.)</Text>
		</Row>
		<Row Tag="LOC_DIPLO_DENOUNCE_REASON_FROM_AI_LEADER_ANY_REASON_STANDARD_DIPLOMATIC_NO_PROMISE">
			<Text>(You wouldn't make a promise to them.)</Text>
		</Row>
		<Row Tag="LOC_DIPLO_DENOUNCE_REASON_FROM_AI_LEADER_ANY_REASON_STANDARD_DIPLOMATIC_CONVERTED_CITY">
			<Text>(You converted one of their cities.)</Text>
		</Row>
		<Row Tag="LOC_DIPLO_DENOUNCE_REASON_FROM_AI_LEADER_ANY_REASON_STANDARD_DIPLOMATIC_DEMAND">
			<Text>(You demanded trade goods from them.)</Text>
		</Row>
		<Row Tag="LOC_DIPLO_DENOUNCE_REASON_FROM_AI_LEADER_ANY_REASON_STANDARD_DIPLOMATIC_DENOUNCED">
			<Text>(You denounced them.)</Text>
		</Row>
		<Row Tag="LOC_DIPLO_DENOUNCE_REASON_FROM_AI_LEADER_ANY_REASON_STANDARD_DIPLOMATIC_ESPIONAGE">
			<Text>(You sent Spies on missions against them.)</Text>
		</Row>
		<Row Tag="LOC_DIPLO_DENOUNCE_REASON_FROM_AI_LEADER_ANY_REASON_STANDARD_DIPLOMATIC_GOVERNMENT_DIFFERENT">
			<Text>(You have different governments.)</Text>
		</Row>
		<Row Tag="LOC_DIPLO_DENOUNCE_REASON_FROM_AI_LEADER_ANY_REASON_STANDARD_DIPLOMATIC_INCURSION">
			<Text>(Your forces encroach on their lands.)</Text>
		</Row>
		<Row Tag="LOC_DIPLO_DENOUNCE_REASON_FROM_AI_LEADER_ANY_REASON_STANDARD_DIPLOMATIC_NEAR_BORDER_WARNING">
			<Text> (You kept troops on their border.)</Text>
		</Row>
		<Row Tag="LOC_DIPLO_DENOUNCE_REASON_FROM_AI_LEADER_ANY_REASON_STANDARD_DIPLOMATIC_OCCUPIED_CITY">
			<Text>(You occupy one of their cities.)</Text>
		</Row>
		<Row Tag="LOC_DIPLO_DENOUNCE_REASON_FROM_AI_LEADER_ANY_REASON_STANDARD_DIPLOMATIC_OCCUPIED_FRIENDLY_CITY">
			<Text>(You occupy one of their ally's cities.)</Text>
		</Row>
		<Row Tag="LOC_DIPLO_DENOUNCE_REASON_FROM_AI_LEADER_ANY_REASON_STANDARD_DIPLOMACY_RANDOM">
			<Text>(They just plain don't like you.)</Text>
		</Row>
		<Row Tag="LOC_DIPLO_DENOUNCE_REASON_FROM_AI_LEADER_ANY_REASON_STANDARD_DIPLOMACY_RAZED_MY_CITY">
			<Text>(You razed one of their cities.)</Text>
		</Row>
		<Row Tag="LOC_DIPLO_DENOUNCE_REASON_FROM_AI_LEADER_ANY_REASON_STANDARD_DIPLOMACY_SETTLED_CITIES">
			<Text>(You settled in a region they consider their own.)</Text>
		</Row>
		<Row Tag="LOC_DIPLO_DENOUNCE_REASON_FROM_AI_LEADER_ANY_REASON_STANDARD_DIPLOMATIC_WARMONGER">
			<Text>(They think you're a warmonger.)</Text>
		</Row>
		<Row Tag="LOC_DIPLO_DENOUNCE_REASON_FROM_AI_LEADER_ANY_REASON_AGENDA_ALLY_OF_ENKIDU_DENOUNCED_FRIEND">
			<Text>(You denounced their friend.)</Text>
		</Row>
		<Row Tag="LOC_DIPLO_DENOUNCE_REASON_FROM_AI_LEADER_ANY_REASON_AGENDA_AYYUBID_DYNASTY">
			<Text>(You don't have his Religious building in a city.)</Text>
		</Row>
		<Row Tag="LOC_DIPLO_DENOUNCE_REASON_FROM_AI_LEADER_ANY_REASON_AGENDA_BACKSTAB_AVERSE_SURPRISE_WAR">
			<Text>(You declared a surprise war.)</Text>
		</Row>
		<Row Tag="LOC_DIPLO_DENOUNCE_REASON_FROM_AI_LEADER_ANY_REASON_AGENDA_BLACK_QUEEN">
			<Text>(You are weak in espionage.)</Text>
		</Row>
		<Row Tag="LOC_DIPLO_DENOUNCE_REASON_FROM_AI_LEADER_ANY_REASON_AGENDA_BUSHIDO">
			<Text>(You are weak in Faith and Culture.)</Text>
		</Row>
		<Row Tag="LOC_DIPLO_DENOUNCE_REASON_FROM_AI_LEADER_ANY_REASON_AGENDA_CONTINENT_ATTACKED">
			<Text>(You have attacked a player on their continent.)</Text>
		</Row>
		<Row Tag="LOC_DIPLO_DENOUNCE_REASON_FROM_AI_LEADER_ANY_REASON_AGENDA_HAS_DESIRED_LUXURY">
			<Text>(You have a Luxury they covet.)</Text>
		</Row>
		<Row Tag="LOC_DIPLO_DENOUNCE_REASON_FROM_AI_LEADER_ANY_REASON_AGENDA_LAST_VIKING_KING">
			<Text>(Your navy is weak.)</Text>
		</Row>
		<Row Tag="LOC_DIPLO_DENOUNCE_REASON_FROM_AI_LEADER_ANY_REASON_AGENDA_MODIFIER_LEADS_GREAT_PEOPLE">
			<Text>(You have more Great People than they do.)</Text>
		</Row>
		<Row Tag="LOC_DIPLO_DENOUNCE_REASON_FROM_AI_LEADER_ANY_REASON_AGENDA_MODIFIER_LAGS_PROGRESS">
			<Text>(You are behind in Science and Culture.)</Text>
		</Row>
		<Row Tag="LOC_DIPLO_DENOUNCE_REASON_FROM_AI_LEADER_ANY_REASON_AGENDA_MODIFIER_LEADS_WONDERS">
			<Text>(You have more wonders than they do.)</Text>
		</Row>
		<Row Tag="LOC_DIPLO_DENOUNCE_REASON_FROM_AI_LEADER_ANY_REASON_AGENDA_MODIFIER_NEVER_AT_WAR">
			<Text>(You haven't been to war.)</Text>
		</Row>
		<Row Tag="LOC_DIPLO_DENOUNCE_REASON_FROM_AI_LEADER_ANY_REASON_AGENDA_MODIFIER_PAID_FOR_PEACE">
			<Text>(You paid for peace.)</Text>
		</Row>
		<Row Tag="LOC_DIPLO_DENOUNCE_REASON_FROM_AI_LEADER_ANY_REASON_AGENDA_MODIFIER_WARMONGER">
			<Text>(You are a warmonger.)</Text>
		</Row>
		<Row Tag="LOC_DIPLO_DENOUNCE_REASON_FROM_AI_LEADER_ANY_REASON_AGENDA_MODIFIER_ENCROACHING_RELIGION">
			<Text>(You are converting their cities to your Religion.)</Text>
		</Row>
		<Row Tag="LOC_DIPLO_DENOUNCE_REASON_FROM_AI_LEADER_ANY_REASON_AGENDA_MODIFIER_COMPETING_MINORS">
			<Text>(You are competing with them for city-states.)</Text>
		</Row>
		<Row Tag="LOC_DIPLO_DENOUNCE_REASON_FROM_AI_LEADER_ANY_REASON_AGENDA_MODIFIER_RELIGION_NOT_RECEIVED">
			<Text>(You have not spread your Religion to them.)</Text>
		</Row>
		<Row Tag="LOC_DIPLO_DENOUNCE_REASON_FROM_AI_LEADER_ANY_REASON_AGENDA_MODIFIER_CONQUERING_ALLYING_MINORS">
			<Text>(You have conquered or allied city-states.)</Text>
		</Row>
		<Row Tag="LOC_DIPLO_DENOUNCE_REASON_FROM_AI_LEADER_ANY_REASON_AGENDA_OPTIMUS_PRINCEPS">
			<Text>(You control very little territory.)</Text>
		</Row>
		<Row Tag="LOC_DIPLO_DENOUNCE_REASON_FROM_AI_LEADER_ANY_REASON_AGENDA_QUEEN_OF_NILE">
			<Text>(You're weak.)</Text>
		</Row>
		<Row Tag="LOC_DIPLO_DENOUNCE_REASON_FROM_AI_LEADER_ANY_REASON_AGENDA_SUN_SETS_NEW_CONTINENT">
			<Text>(You've settled in a continent they want a presence in.)</Text>
		</Row>
		<Row Tag="LOC_DIPLO_DENOUNCE_REASON_FROM_AI_LEADER_ANY_REASON_AGENDA_LOW_CULTURE">
			<Text>(Your Culture is too low.)</Text>
		</Row>
		<Row Tag="LOC_DIPLO_DENOUNCE_REASON_FROM_AI_LEADER_ANY_REASON_AGENDA_LOW_INDUSTRY">
			<Text>(Your Production is too low.)</Text>
		</Row>
		<Row Tag="LOC_DIPLO_DENOUNCE_REASON_FROM_AI_LEADER_ANY_REASON_AGENDA_LOW_HAPPINESS">
			<Text>(Your people are lacking Amenities.)</Text>
		</Row>
		<Row Tag="LOC_DIPLO_DENOUNCE_REASON_FROM_AI_LEADER_ANY_REASON_AGENDA_LOW_INCOME">
			<Text>(Your income is too low.)</Text>
		</Row>
		<Row Tag="LOC_DIPLO_DENOUNCE_REASON_FROM_AI_LEADER_ANY_REASON_AGENDA_LOW_POPULATION">
			<Text>(Your Population is too low.)</Text>
		</Row>
		<Row Tag="LOC_DIPLO_DENOUNCE_REASON_FROM_AI_LEADER_ANY_REASON_AGENDA_LOW_SCIENCE">
			<Text>(Your Science is too low.)</Text>
		</Row>
		<Row Tag="LOC_DIPLO_DENOUNCE_REASON_FROM_AI_LEADER_ANY_REASON_AGENDA_LOW_STANDING_ARMY">
			<Text>(Your standing army is too small.)</Text>
		</Row>
		<Row Tag="LOC_DIPLO_DENOUNCE_REASON_FROM_AI_LEADER_ANY_REASON_AGENDA_PARANOID">
			<Text>(They are afraid of you.)</Text>
		</Row>
	</BaseGameText>
</GameData>
