<?xml version="1.0" encoding="UTF-8" standalone="yes"?>
<!-- edited with XMLSPY v2004 rel. 2 U (http://www.xmlspy.com) by Ed Beach (Firaxis Games) -->
<GameData>
	<EnglishText>
		<!-- Civ Info-->
		<Row Tag="LOC_CIVILIZATION_MACEDON_NAME">
			<Text>Macedon</Text>
		</Row>
		<Row Tag="LOC_TRAIT_LEADER_HELLENISTIC_FUSION_NAME">
			<Text>Hellenistic Fusion</Text>
		</Row>
		<Row Tag="LOC_TRAIT_LEADER_HELLENISTIC_FUSION_DESCRIPTION">
			<Text>Receive boosts upon city conquest: a [ICON_TechBoosted] Eureka for each Encampment or Campus in the conquered city and an [ICON_CivicBoosted] Inspiration for each Holy Site or Theater Square.</Text>
		</Row>
		<Row Tag="LOC_CIVILIZATION_PERSIA_NAME">
			<Text>Persia</Text>
		</Row>
		<Row Tag="LOC_TRAIT_CIVILIZATION_SATRAPIES_NAME">
			<Text>Satrapies</Text>
		</Row>
		<Row Tag="LOC_TRAIT_CIVILIZATION_SATRAPIES_DESCRIPTION">
			<Text>+1 [ICON_TradeRoute] Trade Route capacity with Political Philosophy civic. Receive +2 [ICON_Gold] Gold and +1 [ICON_Culture] Culture for routes between your own cities. Roads built in your territory are one level more advanced than usual.</Text>
		</Row>
		<!-- Leader Info-->
		<Row Tag="LOC_LEADER_ALEXANDER_NAME">
			<Text>Alexander</Text>
		</Row>
		<Row Tag="LOC_TRAIT_LEADER_TO_WORLDS_END_NAME">
			<Text>To World's End</Text>
		</Row>
		<Row Tag="LOC_TRAIT_LEADER_TO_WORLDS_END_DESCRIPTION">
			<Text>Cities do not incur war weariness. All military units heal completely when this player captures a city with a world wonder.</Text>
		</Row>
		<Row Tag="LOC_LEADER_CYRUS_NAME">
			<Text>Cyrus</Text>
		</Row>
		<Row Tag="LOC_TRAIT_LEADER_FALL_BABYLON_NAME">
			<Text>Fall of Babylon</Text>
		</Row>
		<Row Tag="LOC_TRAIT_LEADER_FALL_BABYLON_DESCRIPTION">
			<Text>+2 [ICON_Movement] Movement for the first 10 turns after declaring a Surprise War on a major civilization. No penalties to yields in occupied cities. Declaring a Surprise War only counts as a Formal War for the purpose of warmongering and war weariness.</Text>
		</Row>
		<!-- Building Info-->
		<Row Tag="LOC_BUILDING_BASILIKOI_PAIDES_NAME">
			<Text>Basilikoi Paides</Text>
		</Row>
		<Row Tag="LOC_BUILDING_BASILIKOI_PAIDES_DESCRIPTION">
			<Text>A building unique to Macedon.+25% combat experience for all melee, ranged land units, and Hetairoi trained in this city. Gain [ICON_SCIENCE] Science equal to 25% of the unit's cost when a non civilian unit is created in this city.[NEWLINE][NEWLINE]May not be built in an Encampment district that already has a Stable.</Text>
		</Row>
		<!-- Improvement Info-->
		<Row Tag="LOC_IMPROVEMENT_PAIRIDAEZA_NAME">
			<Text>Pairidaeza</Text>
		</Row>
		<Row Tag="LOC_IMPROVEMENT_PAIRIDAEZA_DESCRIPTION">
			<Text>Unlocks the Builder ability to construct a Pairidaeza, unique to Persia.[NEWLINE][NEWLINE]+1 [ICON_CULTURE] Culture and +2 [ICON_GOLD] Gold. +2 Appeal. +1 [ICON_CULTURE] Culture for each adjacent Holy Site and Theater Square. +1 [ICON_GOLD] Gold for each adjacent Commercial Hub and City Center. Additional [ICON_Culture] Culture and [ICON_Tourism] Tourism as you advance through the Technology and Civics Tree. Cannot be built on Snow, Tundra, Snow Hills, or Tundra Hills or adjacent to another Pairidaeza.</Text>
		</Row>
		<!-- Unit Info-->
		<Row Tag="LOC_UNIT_MACEDONIAN_HYPASPIST_NAME">
			<Text>Hypaspist</Text>
		</Row>
		<Row Tag="LOC_UNIT_MACEDONIAN_HETAIROI_NAME">
			<Text>Hetairoi</Text>
		</Row>
		<Row Tag="LOC_UNIT_PERSIAN_IMMORTAL_NAME">
			<Text>Immortal</Text>
		</Row>
		<Row Tag="LOC_UNIT_MACEDONIAN_HYPASPIST_DESCRIPTION">
			<Text>Macedonian unique melee unit that replaces the Swordsman. +5 [ICON_Strength] Combat Strength when besieging districts. 50% Additional Support Bonus.</Text>
		</Row>
		<Row Tag="LOC_UNIT_MACEDONIAN_HETAIROI_DESCRIPTION">
			<Text>Macedonian unique heavy cavalry unit that replaces the Horseman. Additional +5 [ICON_Strength] Combat Strength when adjacent to a Great General. +5 Great General points when killing an enemy unit. Starts with 1 free Promotion.</Text>
		</Row>
		<Row Tag="LOC_UNIT_PERSIAN_IMMORTAL_DESCRIPTION">
			<Text>Persian unique melee unit that replaces the Swordsman. Melee class unit with a ranged attack, [ICON_Range] Range 2. Strong defense strength.</Text>
		</Row>
		<Row Tag="LOC_ABILITY_HYPASPIST_SIEGE_BONUS_DESCRIPTION">
			<Text>+5 when besieging a district</Text>
		</Row>
		<Row Tag="LOC_HETAIROI_GREAT_GENERAL_COMBAT_BONUS_DESCRIPTION">
			<Text>+5 Combat Bonus from adjacent Great General</Text>
		</Row>
	</EnglishText>
</GameData>
