<?xml version="1.0" encoding="utf-8"?>
<!-- edited with XMLSPY v2004 rel. 2 U (http://www.xmlspy.com) by Anton Strenger (Firaxis Games) -->
<GameData>
	<BaseGameText>
		<!-- Full Civs -->
		<Row Tag="LOC_CIVILIZATION_RADZIWILL_DESCRIPTION">
			<Text>Lithuanian noble families</Text>
		</Row>
		<Row Tag="LOC_CIVILIZATION_POTOCKI_DESCRIPTION">
			<Text>Polish noble families</Text>
		</Row>
		<Row Tag="LOC_CIVILIZATION_OSTROGSKI_DESCRIPTION">
			<Text>Volhynian noble families</Text>
		</Row>
		<Row Tag="LOC_CIVILIZATION_RADZIWILL_ADJECTIVE">
			<Text>Lithuanian</Text>
		</Row>
		<Row Tag="LOC_CIVILIZATION_POTOCKI_ADJECTIVE">
			<Text>Polish</Text>
		</Row>
		<Row Tag="LOC_CIVILIZATION_OSTROGSKI_ADJECTIVE">
			<Text>Volhynian</Text>
		</Row>
		<!-- City States-->
		<Row Tag="LOC_CIVILIZATION_GDANSK_NAME">
			<Text>Gdańsk</Text>
		</Row>
		<Row Tag="LOC_CIVILIZATION_VIENNA_NAME">
			<Text>Vienna</Text>
		</Row>
		<Row Tag="LOC_CIVILIZATION_PRAGUE_NAME">
			<Text>Prague</Text>
		</Row>
		<Row Tag="LOC_CIVILIZATION_GDANSK_DESCRIPTION">
			<Text>Gdańsk city-state</Text>
		</Row>
		<Row Tag="LOC_CIVILIZATION_VIENNA_DESCRIPTION">
			<Text>Vienna city-state</Text>
		</Row>
		<Row Tag="LOC_CIVILIZATION_PRAGUE_DESCRIPTION">
			<Text>Prague city-state</Text>
		</Row>
		<Row Tag="LOC_CIVILIZATION_GDANSK_ADJECTIVE">
			<Text>Gdańsk</Text>
		</Row>
		<Row Tag="LOC_CIVILIZATION_VIENNA_ADJECTIVE">
			<Text>Viennese</Text>
		</Row>
		<Row Tag="LOC_CIVILIZATION_PRAGUE_ADJECTIVE">
			<Text>Prague</Text>
		</Row>
		<!-- Cities-->
		<Row Tag="LOC_CITY_NAME_RADZIWILL_CAPITAL">
			<Text>Vilnius</Text>
		</Row>
		<Row Tag="LOC_CITY_NAME_RADZIWILL_1">
			<Text>Trakai</Text>
		</Row>
		<Row Tag="LOC_CITY_NAME_RADZIWILL_2">
			<Text>Nesvyžius</Text>
		</Row>
		<Row Tag="LOC_CITY_NAME_RADZIWILL_3">
			<Text>Kėdainiai</Text>
		</Row>
		<Row Tag="LOC_CITY_NAME_RADZIWILL_4">
			<Text>Biržai</Text>
		</Row>
		<Row Tag="LOC_CITY_NAME_RADZIWILL_5">
			<Text>Dubingiai</Text>
		</Row>
		<Row Tag="LOC_CITY_NAME_RADZIWILL_6">
			<Text>Minsk</Text>
		</Row>
		<Row Tag="LOC_CITY_NAME_RADZIWILL_7">
			<Text>Naugardukas</Text>
		</Row>
		<Row Tag="LOC_CITY_NAME_RADZIWILL_8">
			<Text>Vitebskas</Text>
		</Row>
		<Row Tag="LOC_CITY_NAME_RADZIWILL_9">
			<Text>Daugavpils</Text>
		</Row>
		<Row Tag="LOC_CITY_NAME_POTOCKI_CAPITAL">
			<Text>Kraków</Text>
		</Row>
		<Row Tag="LOC_CITY_NAME_POTOCKI_1">
			<Text>Potok</Text>
		</Row>
		<Row Tag="LOC_CITY_NAME_POTOCKI_2">
			<Text>Lublin</Text>
		</Row>
		<Row Tag="LOC_CITY_NAME_POTOCKI_3">
			<Text>Lviv</Text>
		</Row>
		<Row Tag="LOC_CITY_NAME_POTOCKI_4">
			<Text>Warsaw</Text>
		</Row>
		<Row Tag="LOC_CITY_NAME_POTOCKI_5">
			<Text>Częstochowa</Text>
		</Row>
		<Row Tag="LOC_CITY_NAME_POTOCKI_6">
			<Text>Sandomierz</Text>
		</Row>
		<Row Tag="LOC_CITY_NAME_POTOCKI_7">
			<Text>Przemyśl</Text>
		</Row>
		<Row Tag="LOC_CITY_NAME_POTOCKI_8">
			<Text>Chełm</Text>
		</Row>
		<Row Tag="LOC_CITY_NAME_POTOCKI_9">
			<Text>Brześć Litewski</Text>
		</Row>
		<Row Tag="LOC_CITY_NAME_OSTROGSKI_CAPITAL">
			<Text>Ostroh</Text>
		</Row>
		<Row Tag="LOC_CITY_NAME_OSTROGSKI_1">
			<Text>Korets</Text>
		</Row>
		<Row Tag="LOC_CITY_NAME_OSTROGSKI_2">
			<Text>Zaslav</Text>
		</Row>
		<Row Tag="LOC_CITY_NAME_OSTROGSKI_3">
			<Text>Rivne</Text>
		</Row>
		<Row Tag="LOC_CITY_NAME_OSTROGSKI_4">
			<Text>Zhytomyr</Text>
		</Row>
		<Row Tag="LOC_CITY_NAME_OSTROGSKI_5">
			<Text>Kiev</Text>
		</Row>
		<Row Tag="LOC_CITY_NAME_OSTROGSKI_6">
			<Text>Braclaw</Text>
		</Row>
		<Row Tag="LOC_CITY_NAME_OSTROGSKI_7">
			<Text>Trembowla</Text>
		</Row>
		<Row Tag="LOC_CITY_NAME_OSTROGSKI_8">
			<Text>Kamieniec Podolski</Text>
		</Row>
		<Row Tag="LOC_CITY_NAME_OSTROGSKI_9">
			<Text>Ołyka</Text>
		</Row>
		<Row Tag="LOC_CITY_NAME_SCENARIO_GDANSK">
			<Text>Gdansk</Text>
		</Row>
		<Row Tag="LOC_CITY_NAME_SCENARIO_VIENNA">
			<Text>Vienna</Text>
		</Row>
		<Row Tag="LOC_CITY_NAME_SCENARIO_PRAGUE">
			<Text>Prague</Text>
		</Row>
		<!-- Citizen Names-->
		<Row Tag="LOC_CITIZEN_RADZIWILL_SCENARIO_MALE_1">
			<Text>Krzysztof</Text>
		</Row>
		<Row Tag="LOC_CITIZEN_RADZIWILL_SCENARIO_MALE_2">
			<Text>Grzegorz</Text>
		</Row>
		<Row Tag="LOC_CITIZEN_RADZIWILL_SCENARIO_MALE_3">
			<Text>Bogusław</Text>
		</Row>
		<Row Tag="LOC_CITIZEN_RADZIWILL_SCENARIO_MALE_4">
			<Text>Albert</Text>
		</Row>
		<Row Tag="LOC_CITIZEN_RADZIWILL_SCENARIO_MALE_5">
			<Text>Aleksander</Text>
		</Row>
		<Row Tag="LOC_CITIZEN_RADZIWILL_SCENARIO_FEMALE_1">
			<Text>Barbara</Text>
		</Row>
		<Row Tag="LOC_CITIZEN_RADZIWILL_SCENARIO_FEMALE_2">
			<Text>Krystyna</Text>
		</Row>
		<Row Tag="LOC_CITIZEN_RADZIWILL_SCENARIO_FEMALE_3">
			<Text>Ludwika</Text>
		</Row>
		<Row Tag="LOC_CITIZEN_RADZIWILL_SCENARIO_FEMALE_4">
			<Text>Katarzyna</Text>
		</Row>
		<Row Tag="LOC_CITIZEN_RADZIWILL_SCENARIO_FEMALE_5">
			<Text>Elisa</Text>
		</Row>
		<Row Tag="LOC_CITIZEN_POTOCKI_MALE_1">
			<Text>Jakub</Text>
		</Row>
		<Row Tag="LOC_CITIZEN_POTOCKI_MALE_2">
			<Text>Stefan</Text>
		</Row>
		<Row Tag="LOC_CITIZEN_POTOCKI_MALE_3">
			<Text>Alfred</Text>
		</Row>
		<Row Tag="LOC_CITIZEN_POTOCKI_MALE_4">
			<Text>Feliks</Text>
		</Row>
		<Row Tag="LOC_CITIZEN_POTOCKI_MALE_5">
			<Text>Andrzej</Text>
		</Row>
		<Row Tag="LOC_CITIZEN_POTOCKI_FEMALE_1">
			<Text>Ewa</Text>
		</Row>
		<Row Tag="LOC_CITIZEN_POTOCKI_FEMALE_2">
			<Text>Józefina</Text>
		</Row>
		<Row Tag="LOC_CITIZEN_POTOCKI_FEMALE_3">
			<Text>Julia</Text>
		</Row>
		<Row Tag="LOC_CITIZEN_POTOCKI_FEMALE_4">
			<Text>Konstancja</Text>
		</Row>
		<Row Tag="LOC_CITIZEN_POTOCKI_FEMALE_5">
			<Text>Natalia</Text>
		</Row>
		<Row Tag="LOC_CITIZEN_OSTROGSKI_SCENARIO_MALE_1">
			<Text>Daniil</Text>
		</Row>
		<Row Tag="LOC_CITIZEN_OSTROGSKI_SCENARIO_MALE_2">
			<Text>Feodor</Text>
		</Row>
		<Row Tag="LOC_CITIZEN_OSTROGSKI_SCENARIO_MALE_3">
			<Text>Władysław</Text>
		</Row>
		<Row Tag="LOC_CITIZEN_OSTROGSKI_SCENARIO_MALE_4">
			<Text>Ilia</Text>
		</Row>
		<Row Tag="LOC_CITIZEN_OSTROGSKI_SCENARIO_MALE_5">
			<Text>Janusz</Text>
		</Row>
		<Row Tag="LOC_CITIZEN_OSTROGSKI_SCENARIO_FEMALE_1">
			<Text>Elizaveta</Text>
		</Row>
		<Row Tag="LOC_CITIZEN_OSTROGSKI_SCENARIO_FEMALE_2">
			<Text>Zofia</Text>
		</Row>
		<Row Tag="LOC_CITIZEN_OSTROGSKI_SCENARIO_FEMALE_3">
			<Text>Anna</Text>
		</Row>
		<Row Tag="LOC_CITIZEN_OSTROGSKI_SCENARIO_FEMALE_4">
			<Text>Teofilia</Text>
		</Row>
		<Row Tag="LOC_CITIZEN_OSTROGSKI_SCENARIO_FEMALE_5">
			<Text>Alojza</Text>
		</Row>
		<!-- City State Bonuses-->
		<Row Tag="LOC_LEADER_TRAIT_GDANSK_NAME">
			<Text>Gdańsk Suzerain Bonus</Text>
		</Row>
		<Row Tag="LOC_LEADER_TRAIT_GDANSK_DESCRIPTION">
			<Text>Trade routes to any City-State provide 5 Gold for every specialty district in the origin city.</Text>
		</Row>
		<Row Tag="LOC_LEADER_TRAIT_VIENNA_NAME">
			<Text>Vienna Suzerain Bonus</Text>
		</Row>
		<Row Tag="LOC_LEADER_TRAIT_VIENNA_DESCRIPTION">
			<Text>Pay half the usual cost to levy city-state units.</Text>
		</Row>
		<Row Tag="LOC_LEADER_TRAIT_PRAGUE_NAME">
			<Text>Prague Suzerain Bonus</Text>
		</Row>
		<Row Tag="LOC_LEADER_TRAIT_PRAGUE_DESCRIPTION">
			<Text>Your districts provide +1 [ICON_GreatPerson] Great Person point of their type (both [ICON_GreatWriter] Great Writer and [ICON_GreatArtist] Great Artist points for Theater Square districts).</Text>
		</Row>
		<!-- Scenario-specific barbarian tribes-->
		<Row Tag="LOC_BARBARIAN_CAVALRY_1">
			<Text>Tatars</Text>
		</Row>
		<Row Tag="LOC_BARBARIAN_CAVALRY_2">
			<Text>Golden Horde</Text>
		</Row>
		<Row Tag="LOC_BARBARIAN_CAVALRY_3">
			<Text>Crimean Khanata</Text>
		</Row>
		<Row Tag="LOC_BARBARIAN_COSSACKS_1">
			<Text>Cossacks</Text>
		</Row>
		<Row Tag="LOC_BARBARIAN_COSSACKS_2">
			<Text>Cossack Hetmanate</Text>
		</Row>
		<Row Tag="LOC_BARBARIAN_KNIGHTS_1">
			<Text>Teutonic Knights</Text>
		</Row>
		<Row Tag="LOC_BARBARIAN_KNIGHTS_2">
			<Text>Teutonic Order</Text>
		</Row>
		<Row Tag="LOC_BARBARIAN_KNIGHTS_3">
			<Text>Livonian Order</Text>
		</Row>
		<Row Tag="LOC_BARBARIAN_MOLDAVA_1">
			<Text>Moldavians</Text>
		</Row>
		<Row Tag="LOC_BARBARIAN_MOLDAVA_2">
			<Text>Principality of Moldavia</Text>
		</Row>
		<Row Tag="LOC_BARBARIAN_OTTOMAN_1">
			<Text>Ottomans</Text>
		</Row>
		<Row Tag="LOC_BARBARIAN_OTTOMAN_2">
			<Text>Ottoman Empire</Text>
		</Row>
		<Row Tag="LOC_BARBARIAN_RUS_1">
			<Text>Rus</Text>
		</Row>
		<Row Tag="LOC_BARBARIAN_RUS_2">
			<Text>Grand Duchy of Moscow</Text>
		</Row>
		<Row Tag="LOC_BARBARIAN_RUS_3">
			<Text>Novgorod Republic</Text>
		</Row>
		<Row Tag="LOC_BARBARIAN_RUS_4">
			<Text>Tsardom of Russia</Text>
		</Row>
		<Row Tag="LOC_BARBARIAN_SWEDES_1">
			<Text>Swedes</Text>
		</Row>
		<Row Tag="LOC_BARBARIAN_SWEDES_2">
			<Text>Swedish Empire</Text>
		</Row>
		<!-- Scenario-specific religion-->
		<Row Tag="LOC_BELIEF_GOD_OF_THE_THUDERCLAP_NAME">
			<Text>God of the Thunderclap</Text>
		</Row>
		<Row Tag="LOC_BELIEF_GOD_OF_THE_THUDERCLAP_DESCRIPTION">
			<Text>+25% [ICON_Production] Production toward Medieval and Renaissance military units.</Text>
		</Row>
		<Row Tag="LOC_BUILDING_ORTHODOX_CHURCH_NAME">
			<Text>Orthodox Church</Text>
		</Row>
		<Row Tag="LOC_BELIEF_ORTHODOX_CHURCH_NAME">
			<Text>Orthodox Church</Text>
		</Row>
		<Row Tag="LOC_BELIEF_ORTHODOX_CHURCH_DESCRIPTION">
			<Text>Allows construction of Orthodox Churches (+3 [ICON_Faith] Faith, +2 [ICON_Food] Food).</Text>
		</Row>
		<Row Tag="LOC_BELIEF_SCENARIO_CATHEDRAL_DESCRIPTION">
			<Text>Allows construction of Cathedrals (+3 [ICON_Faith] Faith, +1 [ICON_Housing] Housing).</Text>
		</Row>
		<Row Tag="LOC_BELIEF_SCENARIO_MOSQUE_DESCRIPTION">
			<Text>Allows construction of Mosques (+5 [ICON_Faith] Faith).</Text>
		</Row>
		<Row Tag="LOC_BELIEF_INNER_PEACE_NAME">
			<Text>Inner Peace</Text>
		</Row>
		<Row Tag="LOC_BELIEF_SCENARIO_TITHE_DESCRIPTION">
			<Text>+1% [ICON_Gold] Gold for each follower.</Text>
		</Row>
		<!-- Scenario-specific units-->
		<Row Tag="LOC_UNIT_JANISSARY_NAME">
			<Text>Janissary</Text>
		</Row>
		<Row Tag="LOC_UNIT_JANISSARY_DESCRIPTION">
			<Text>Renaissance era melee unit for the Ottomans. Heals when destroying an enemy unit.</Text>
		</Row>
		<Row Tag="LOC_UNIT_HORSE_ARCHER_NAME">
			<Text>Horse Archer</Text>
		</Row>
		<Row Tag="LOC_UNIT_HORSE_ARCHER_DESCRIPTION">
			<Text>Medieval era horseback archer for the Tatars.</Text>
		</Row>
		<Row Tag="LOC_UNIT_TEUTONIC_KNIGHT_NAME">
			<Text>Teutonic Knight</Text>
		</Row>
		<Row Tag="LOC_UNIT_TEUTONIC_KNIGHT_DESCRIPTION">
			<Text>Hard-hitting, Medieval era heavy cavalry unit for the Teutonic Order.</Text>
		</Row>
		<!-- Scenario-specific Great People-->
		<Row Tag="LOC_GREAT_PERSON_INDIVIDUAL_STANISLAW_SAMOSTRZELNIK_NAME">
			<Text>Stanisław Samostrzelnik</Text>
		</Row>
		<Row Tag="LOC_GREAT_PERSON_INDIVIDUAL_MARTIN_KOBER_NAME">
			<Text>Martin Kober</Text>
		</Row>
		<Row Tag="LOC_GREAT_PERSON_INDIVIDUAL_BARTOLOMMEO_BERRECCI_NAME">
			<Text>Bartolommeo Berrecci</Text>
		</Row>
		<Row Tag="LOC_GREAT_PERSON_INDIVIDUAL_ADAM_KOCHANSKI_NAME">
			<Text>Adam Adamandy Kochański</Text>
		</Row>
		<Row Tag="LOC_GREAT_PERSON_INDIVIDUAL_KAZIMIERZ_SIEMIENOWICZ_NAME">
			<Text>Kazimierz Siemienowicz</Text>
		</Row>
		<Row Tag="LOC_GREAT_PERSON_INDIVIDUAL_KRZYSZTOF_GRODZICKI_NAME">
			<Text>Krzysztof Grodzicki</Text>
		</Row>
		<Row Tag="LOC_GREAT_PERSON_INDIVIDUAL_SEBASTIANO_MONTELUPI_NAME">
			<Text>Sebastiano Montelupi</Text>
		</Row>
		<Row Tag="LOC_GREAT_PERSON_INDIVIDUAL_KONSTANTY_KORNIAKT_NAME">
			<Text>Konstanty Korniakt</Text>
		</Row>
		<Row Tag="LOC_GREAT_PERSON_INDIVIDUAL_NICOLAUS_COPERNICUS_NAME">
			<Text>Nicolaus Copernicus</Text>
		</Row>
		<Row Tag="LOC_GREAT_PERSON_INDIVIDUAL_SENDIVOGIUS_NAME">
			<Text>Sendivogius</Text>
		</Row>
		<Row Tag="LOC_GREAT_PERSON_INDIVIDUAL_PIOTR_SKARGA_NAME">
			<Text>Piotr Skarga</Text>
		</Row>
		<Row Tag="LOC_GREAT_PERSON_INDIVIDUAL_JAN_KOCHANOWSKI_NAME">
			<Text>Jan Kochanowski</Text>
		</Row>
		<!-- Scenario-specific Great Works-->
    <Row Tag="LOC_GREATWORK_SAMOSTRZELNIK_1_NAME">
      <Text>Portrait of Piotr Tomicki</Text>
    </Row>
    <Row Tag="LOC_GREATWORK_SAMOSTRZELNIK_2_NAME">
      <Text>Saint Stanislaus</Text>
    </Row>
    <Row Tag="LOC_GREATWORK_SAMOSTRZELNIK_3_NAME">
      <Text>Prayer Book of Sigismund I</Text>
    </Row>
    <Row Tag="LOC_GREATWORK_KOBER_1_NAME">
      <Text>Portrait of Anna Maria Vasa</Text>
    </Row>
    <Row Tag="LOC_GREATWORK_KOBER_2_NAME">
      <Text>King Sigismund III</Text>
    </Row>
    <Row Tag="LOC_GREATWORK_KOBER_3_NAME">
      <Text>Portrait of Queen Anna Jagiellon</Text>
    </Row>
    <Row Tag="LOC_GREATWORK_SKARGA_1_NAME">
      <Text>The Lives of the Saints</Text>
    </Row>
    <Row Tag="LOC_GREATWORK_SKARGA_2_NAME">
      <Text>Sejm Sermons</Text>
    </Row>
    <Row Tag="LOC_GREATWORK_KOCHANOWSKI_1_NAME">
      <Text>The Dismissal of the Greek Envoys</Text>
    </Row>
    <Row Tag="LOC_GREATWORK_KOCHANOWSKI_2_NAME">
      <Text>Threnodies</Text>
    </Row>
	</BaseGameText>
</GameData>
