<?xml version="1.0" encoding="UTF-8" standalone="yes"?>
<GameData xmlns:xsi="http://www.w3.org/2001/XMLSchema-instance">
	<BaseGameText>
		<!-- Ruleset -->
		<Row Tag="LOC_RELIGIOUS_COMBAT_RULESET_TITLE">
			<Text>Hallowed Ground</Text>
		</Row>
		<Row Tag="LOC_RELIGIOUS_COMBAT_RULESET_TEASER">
			<Text>Battle for holy domination in this religion-focused scenario set in the Medieval Era. Lasts until the Industial Era.[NEWLINE]Victory Conditions[NEWLINE][ICON_Bullet]Holy Victory - Have the most religious followers at the dawn of the Industrial Era (first Industrial technology or civic)[NEWLINE]Gameplay Changes[NEWLINE][ICON_Bullet]First Holy Site grants a free Great Prophet.</Text>
		</Row>
		<!-- Victories  -->
		<Row Tag="LOC_RELIGIOUS_COMBAT_VICTORY_TITLE">
			<Text>Holy Victory</Text>
		</Row>
		<Row Tag="LOC_RELIGIOUS_COMBAT_VICTORY_DESC">
			<Text>Have the most religious followers at the dawn of the Industrial Era (first Industrial technology or civic)</Text>
		</Row>	
		
		<!-- Mod Package Text -->
		<Row Tag="LOC_RELIGIOUS_COMBAT_MOD_TITLE">
			<Text>Multiplayer Scenario: Hallowed Ground</Text>
		</Row>
		<Row Tag="LOC_RELIGIOUS_COMBAT_MOD_TEASER">
			<Text>Battle for holy domination in this religion-focused scenario set in the Medieval Era.  Lasts until the Industial Era.</Text>
		</Row>
		<Row Tag="LOC_RELIGIOUS_COMBAT_MOD_DESCRIPTION">
			<Text>Victory Conditions[NEWLINE]Holy Victory - Have the most religious followers at the dawn of the Industrial Era (first Industrial technology or civic)</Text>
		</Row>
		<Row Tag="LOC_RELIGIOUS_COMBAT_MOD_AUTHORS">
			<Text>Firaxis</Text>
		</Row>
		<Row Tag="LOC_VICTORY_RELIGIOUS_HAVE_MOST_FOLLOWERS_PROGRESS">
			<Text>Religious Followers {NumFollowers} {StatusIcon}</Text>
		</Row>
		<Row Tag="LOC_RC_GAME_ERA_LIMIT_REACHED_PROGRESS">
			<Text>Reached Industrial Era {StatusIcon}</Text>
		</Row>	

	</BaseGameText>
</GameData>
