<?xml version="1.0" encoding="utf-8"?>
<GameData>
    <EnglishText>
		<Row Tag="LOC_AUSTRALIA_MOD_TITLE">
			<Text>DLC: Australia Civilization Pack</Text>
		</Row>
		<Row Tag="LOC_AUSTRALIA_MOD_TEASER">
			<Text>New Civilization and Leader - John Curtin of Australia</Text>
		</Row>
		<Row Tag="LOC_AUSTRALIA_MOD_DESCRIPTION">
			<Text>Contains a new civilization and leader.</Text>
		</Row>
		<Row Tag="LOC_MOD_AUSTRALIA_SCENARIO_TITLE">
			<Text>Scenario: Outback Tycoon</Text>
		</Row>
		<Row Tag="LOC_MOD_AUSTRALIA_SCENARIO_TEASER">
			<Text>Which colony will make the most of Australia's natural riches?</Text>
		</Row>
		<Row Tag="LOC_MOD_AUSTRALIA_SCENARIO_DESCRIPTION">
			<Text>In this 60 turn scenario, you race to explore Australia, find its natural resources, and use them to enrich your colony. This competitive economic scenario has no combat. It emphasizes exploration and territorial expansion to increase your Gold Per Turn net income, which is your score.[NEWLINE][NEWLINE]Single-player: Each difficulty has a Gold Per Turn threshold. Exceed that number before the end of the game to win.[NEWLINE][NEWLINE]Multiplayer: The player with the highest Gold Per Turn at end of the game is the winner.</Text>
		</Row>
   </EnglishText>
</GameData>

