<?xml version="1.0" encoding="utf-8"?>
<!-- edited with XMLSPY v2004 rel. 2 U (http://www.xmlspy.com) by Ed Beach (Firaxis Games) -->
<GameData>
	<LocalizedText>
		<!-- OVERRIDES-->
		<Delete Tag="LOC_UI_RELIGION_WORKING_TOWARDS_RELIGION"/>
		<Delete Tag="LOC_RELIGIONPANEL_NEXT_STEP_EARN_PROPHET"/>
		<Delete Tag="LOC_WORLD_RANKINGS_SCORE_DETAILS"/>
		<Delete Tag="LOC_MINOR_CIV_CULTURAL_TRAIT_MEDIUM_INFLUENCE_BONUS"/>
		<Delete Tag="LOC_MINOR_CIV_CULTURAL_TRAIT_LARGE_INFLUENCE_BONUS"/>
		<Delete Tag="LOC_MINOR_CIV_SCIENTIFIC_TRAIT_MEDIUM_INFLUENCE_BONUS"/>
		<Delete Tag="LOC_MINOR_CIV_SCIENTIFIC_TRAIT_LARGE_INFLUENCE_BONUS"/>
	</LocalizedText>
	<EnglishText>
		<!-- OVERRIDES-->
		<Row Tag="LOC_UI_RELIGION_WORKING_TOWARDS_RELIGION">
			<Text>My Religion</Text>
		</Row>
		<Row Tag="LOC_RELIGIONPANEL_NEXT_STEP_EARN_PROPHET">
			<Text>Your religion starts with a pantheon Belief. Add one more Belief to your religion when completing each of these Civics: Mummification, Book of the Dead, and Amun: Lord of All Gods.</Text>
		</Row>
		<Row Tag="LOC_WORLD_RANKINGS_SCORE_DETAILS">
			<Text>A [COLOR:NeutralCS]SCORE[ENDCOLOR] victory cannot occur in this scenario. Scores are only tracked to determine the level of victory at the moment that you complete 7 Temples to Amun.</Text>
		</Row>
		<Row Tag="LOC_MINOR_CIV_CULTURAL_TRAIT_MEDIUM_INFLUENCE_BONUS">
			<Text>+2 [ICON_Culture] Culture in every Holy Site district.</Text>
		</Row>
		<Row Tag="LOC_MINOR_CIV_CULTURAL_TRAIT_LARGE_INFLUENCE_BONUS">
			<Text>Additional +2 [ICON_Culture] Culture in every Holy Site district.</Text>
		</Row>
		<Row Tag="LOC_MINOR_CIV_SCIENTIFIC_TRAIT_MEDIUM_INFLUENCE_BONUS">
			<Text>+2 [ICON_Science] Science in every Holy Site district.</Text>
		</Row>
		<Row Tag="LOC_MINOR_CIV_SCIENTIFIC_TRAIT_LARGE_INFLUENCE_BONUS">
			<Text>Additional +2 [ICON_Science] Science in every Holy Site district.</Text>
		</Row>
		<!-- Beliefs-->
		<Row Tag="LOC_BELIEF_NUN_NAME">
			<Text>God of Watery Abyss (Nun)</Text>
		</Row>
		<Row Tag="LOC_BELIEF_ATUM_NAME">
			<Text>God of Creation (Atum)</Text>
		</Row>
		<Row Tag="LOC_BELIEF_AMON_NAME">
			<Text>Lord of All Gods (Amun)</Text>
		</Row>
		<Row Tag="LOC_BELIEF_ISIS_NAME">
			<Text>Goddess of Fertility (Isis)</Text>
		</Row>
		<Row Tag="LOC_BELIEF_APEDEMAK_NAME">
			<Text>God of War (Apedemak)</Text>
		</Row>
		<Row Tag="LOC_BELIEF_ANUBIS_NAME">
			<Text>God of Mummification (Anubis)</Text>
		</Row>
		<Row Tag="LOC_BELIEF_HORUS_NAME">
			<Text>Protector of the Pharaohs (Horus)</Text>
		</Row>
		<Row Tag="LOC_BELIEF_SEBIUMEKER_NAME">
			<Text>Guardian God (Sebiumeker)</Text>
		</Row>
		<Row Tag="LOC_BELIEF_BES_NAME">
			<Text>House God (Bes)</Text>
		</Row>
		<Row Tag="LOC_BELIEF_ASH_NAME">
			<Text>God of the Oases (Ash)</Text>
		</Row>
		<Row Tag="LOC_BELIEF_NUN_DESCRIPTION">
			<Text>+1 [ICON_Production] Production from Fishing Boats.</Text>
		</Row>
		<Row Tag="LOC_BELIEF_ATUM_DESCRIPTION">
			<Text>All Builders can build 1 extra improvement.</Text>
		</Row>
		<Row Tag="LOC_BELIEF_AMON_DESCRIPTION">
			<Text>+30% [ICON_Production] Production toward wonders. [ICON_Faith] Faith purchase costs reduced by 30%.</Text>
		</Row>
		<Row Tag="LOC_BELIEF_ISIS_DESCRIPTION">
			<Text>City growth rate is 15% higher.</Text>
		</Row>
		<Row Tag="LOC_BELIEF_APEDEMAK_DESCRIPTION">
			<Text>Combat victories provide [ICON_Science] Science equal to 50% of the [ICON_Strength] Combat Strength of the defeated unit.</Text>
		</Row>
		<Row Tag="LOC_BELIEF_ANUBIS_DESCRIPTION">
			<Text>All Holy Site buildings provide +2 [ICON_Faith] Faith.</Text>
		</Row>
		<Row Tag="LOC_BELIEF_HORUS_DESCRIPTION">
			<Text>One extra Wildcard policy slot in any government.</Text>
		</Row>
		<Row Tag="LOC_BELIEF_SEBIUMEKER_DESCRIPTION">
			<Text>Combat units gain +10 [ICON_Strength] Combat Strength  when within the borders of friendly cities.</Text>
		</Row>
		<Row Tag="LOC_BELIEF_BES_DESCRIPTION">
			<Text>All friendly cities receive +1 [ICON_Amenities] Amenity.</Text>
		</Row>
		<Row Tag="LOC_BELIEF_ASH_DESCRIPTION">
			<Text>+3 [ICON_Culture] Culture, +3 [ICON_Faith] Faith, and +2 [ICON_Production] Production on Oasis tiles.</Text>
		</Row>
		<Row Tag="LOC_PROMOTION_SEBIUMEKER_DESCRIPTION">
			<Text>+{1_Value} Guardian God (Sebiumeker) Belief</Text>
		</Row>
		<!-- Buildings-->
		<Row Tag="LOC_BUILDING_OBELISK_NAME">
			<Text>Obelisk</Text>
		</Row>
		<Row Tag="LOC_BUILDING_NUBIAN_SHRINE_NAME">
			<Text>Shrine</Text>
		</Row>
		<Row Tag="LOC_BUILDING_TEMPLE_AMUN_NAME">
			<Text>Temple to Amun</Text>
		</Row>
		<Row Tag="LOC_BUILDING_NILOMETER_NAME">
			<Text>Nilometer</Text>
		</Row>
		<Row Tag="LOC_BUILDING_NILOMETER_DESCRIPTION">
			<Text>+1 [ICON_Food] Food and +1 [ICON_Production] Production on all Floodplain tiles. May only be built in a city adjacent to a Nile River tile.</Text>
		</Row>
		<Row Tag="LOC_BUILDING_NUBIA_SCENARIO_WALLS_DESCRIPTION">
			<Text>Provides Walls around the City Center and Encampment district. Walls allow [ICON_Ranged] Ranged Strikes from the City Center and Encampment district, and must be defeated before a city can be assaulted.</Text>
		</Row>
		<Row Tag="LOC_BUILDING_NUBIA_SCENARIO_GREAT_LIBRARY_DESCRIPTION">
			<Text>Receive boosts to all Ancient and Classical era technologies. Must be built on flat land.</Text>
		</Row>
		<Row Tag="LOC_BUILDING_NUBIA_SCENARIO_GREAT_LIGHTHOUSE_DESCRIPTION">
			<Text>+2 [ICON_Movement] Movement for all naval units[NEWLINE][NEWLINE]Must be built on the Coast, and adjacent to land and a Harbor district with a Lighthouse.</Text>
		</Row>
		<Row Tag="LOC_BUILDING_NUBIA_SCENARIO_PYRAMIDS_DESCRIPTION">
			<Text>Prebuilt before the scenario begins at Giza, a site near the city-state of On. Can be captured to gain a major source of Faith and to award all new Builders the ability to build 1 extra improvement.</Text>
		</Row>
		<!-- City State-->
		<Row Tag="LOC_CITY_NAME_SCENARIO_ASHMUNEIN">
			<Text>Ashmunein</Text>
		</Row>
		<Row Tag="LOC_CITY_NAME_SCENARIO_BAHARIYA">
			<Text>Bahariya</Text>
		</Row>
		<Row Tag="LOC_CITY_NAME_SCENARIO_BYBLOS">
			<Text>Byblos</Text>
		</Row>
		<Row Tag="LOC_CITY_NAME_SCENARIO_DAKHLA">
			<Text>Dakhla</Text>
		</Row>
		<Row Tag="LOC_CITY_NAME_SCENARIO_IHNASIYA">
			<Text>Ihnasiya</Text>
		</Row>
		<Row Tag="LOC_CITY_NAME_SCENARIO_IREM">
			<Text>Irem</Text>
		</Row>
		<Row Tag="LOC_CITY_NAME_SCENARIO_KHARGA">
			<Text>Kharga</Text>
		</Row>
		<Row Tag="LOC_CITY_NAME_SCENARIO_NEKHEN">
			<Text>Nekhen</Text>
		</Row>
		<Row Tag="LOC_CITY_NAME_SCENARIO_ON">
			<Text>On</Text>
		</Row>
		<Row Tag="LOC_CITY_NAME_SCENARIO_PUNT">
			<Text>Punt</Text>
		</Row>
		<Row Tag="LOC_CITY_NAME_SCENARIO_SHARUHEN">
			<Text>Sharuhen</Text>
		</Row>
		<Row Tag="LOC_CITY_NAME_SCENARIO_SERABIT_EL_KHADIM">
			<Text>Serabit el-Khadim</Text>
		</Row>
		<Row Tag="LOC_CITY_NAME_SCENARIO_THINIS">
			<Text>Thinis</Text>
		</Row>
		<Row Tag="LOC_CIVILIZATION_SCENARIO_ASHMUNEIN_DESCRIPTION">
			<Text>Ashmunein city-state</Text>
		</Row>
		<Row Tag="LOC_CIVILIZATION_SCENARIO_BAHARIYA_DESCRIPTION">
			<Text>Bahariya city-state</Text>
		</Row>
		<Row Tag="LOC_CIVILIZATION_SCENARIO_BYBLOS_DESCRIPTION">
			<Text>Byblos city-state</Text>
		</Row>
		<Row Tag="LOC_CIVILIZATION_SCENARIO_DAKHLA_DESCRIPTION">
			<Text>Dakhla city-state</Text>
		</Row>
		<Row Tag="LOC_CIVILIZATION_SCENARIO_IHNASIYA_DESCRIPTION">
			<Text>Ihnasiya city-state</Text>
		</Row>
		<Row Tag="LOC_CIVILIZATION_SCENARIO_IREM_DESCRIPTION">
			<Text>Irem city-state</Text>
		</Row>
		<Row Tag="LOC_CIVILIZATION_SCENARIO_KHARGA_DESCRIPTION">
			<Text>Kharga city-state</Text>
		</Row>
		<Row Tag="LOC_CIVILIZATION_SCENARIO_NEKHEN_DESCRIPTION">
			<Text>Nekhen city-state</Text>
		</Row>
		<Row Tag="LOC_CIVILIZATION_SCENARIO_ON_DESCRIPTION">
			<Text>On city-state</Text>
		</Row>
		<Row Tag="LOC_CIVILIZATION_SCENARIO_PUNT_DESCRIPTION">
			<Text>Punt city-state</Text>
		</Row>
		<Row Tag="LOC_CIVILIZATION_SCENARIO_SHARUHEN_DESCRIPTION">
			<Text>Sharuhen city-state</Text>
		</Row>
		<Row Tag="LOC_CIVILIZATION_SCENARIO_SERABIT_EL_KHADIM_DESCRIPTION">
			<Text>Serabit el-Khadim city-state</Text>
		</Row>
		<Row Tag="LOC_CIVILIZATION_SCENARIO_THINIS_DESCRIPTION">
			<Text>Thinis city-state</Text>
		</Row>
		<Row Tag="LOC_TRAIT_NUBIA_SCENARIO_IREM_NAME">
			<Text>Irem Suzerain Bonus</Text>
		</Row>
		<Row Tag="LOC_TRAIT_NUBIA_SCENARIO_BYBLOS_NAME">
			<Text>Byblos Suzerain Bonus</Text>
		</Row>
		<Row Tag="LOC_TRAIT_NUBIA_SCENARIO_SERABIT_NAME">
			<Text>Serabit el-Khadim Suzerain Bonus</Text>
		</Row>
		<Row Tag="LOC_TRAIT_NUBIA_SCENARIO_OASES_NAME">
			<Text>Desert Oasis Suzerain Bonus</Text>
		</Row>
		<Row Tag="LOC_TRAIT_NUBIA_SCENARIO_PUNT_NAME">
			<Text>Punt Suzerain Bonus</Text>
		</Row>
		<Row Tag="LOC_LEADER_TRAIT_NONE_NAME">
			<Text>No Suzerain Bonus</Text>
		</Row>
		<Row Tag="LOC_LEADER_TRAIT_NONE_DESCRIPTION">
			<Text>There is no unique bonus for becoming Suzerain of this city-state.</Text>
		</Row>
		<!-- Civilizations-->
		<Row Tag="LOC_CIVILIZATION_SCENARIO_HYKSOS_DESCRIPTION">
			<Text>Hyksos Empire</Text>
		</Row>
		<Row Tag="LOC_CIVILIZATION_SCENARIO_LIBYANS_DESCRIPTION">
			<Text>Libyan Empire</Text>
		</Row>
		<Row Tag="LOC_CIVILIZATION_SCENARIO_ASSYRIA_DESCRIPTION">
			<Text>Assyrian Empire</Text>
		</Row>
		<Row Tag="LOC_CIVILIZATION_SCENARIO_PERSIA_DESCRIPTION">
			<Text>Persian Empire</Text>
		</Row>
		<Row Tag="LOC_CIVILIZATION_SCENARIO_MACEDON_DESCRIPTION">
			<Text>Macedonian Empire</Text>
		</Row>
		<Row Tag="LOC_CIVILIZATION_SCENARIO_HYKSOS_ADJECTIVE">
			<Text>Hyksos</Text>
		</Row>
		<Row Tag="LOC_CIVILIZATION_SCENARIO_LIBYANS_ADJECTIVE">
			<Text>Libyan</Text>
		</Row>
		<Row Tag="LOC_CIVILIZATION_SCENARIO_ASSYRIA_ADJECTIVE">
			<Text>Assyrian</Text>
		</Row>
		<Row Tag="LOC_CIVILIZATION_SCENARIO_PERSIA_ADJECTIVE">
			<Text>Persian</Text>
		</Row>
		<Row Tag="LOC_CIVILIZATION_SCENARIO_MACEDON_ADJECTIVE">
			<Text>Macedonian</Text>
		</Row>
		<!-- Civics-->
		<Row Tag="LOC_CIVIC_ROYAL_DYNASTIES_NAME">
			<Text>Royal Dynasties</Text>
		</Row>
		<Row Tag="LOC_CIVIC_HIEROGLYPHICS_NAME">
			<Text>Hieroglyphics</Text>
		</Row>
		<Row Tag="LOC_CIVIC_MUMMIFICATION_NAME">
			<Text>Mummification</Text>
		</Row>
		<Row Tag="LOC_CIVIC_SCRIBES_NAME">
			<Text>Scribes</Text>
		</Row>
		<Row Tag="LOC_CIVIC_BOOK_OF_THE_DEAD_NAME">
			<Text>Book of the Dead</Text>
		</Row>
		<Row Tag="LOC_CIVIC_INSTITUTION_OF_THE_MUSES_NAME">
			<Text>Institution of the Muses</Text>
		</Row>
		<Row Tag="LOC_CIVIC_SEPATS_NAME">
			<Text>Sepats</Text>
		</Row>
		<Row Tag="LOC_CIVIC_BOARDGAMES_ATHLETICS_NAME">
			<Text>Boardgames and Athletics</Text>
		</Row>
		<Row Tag="LOC_CIVIC_AMUN_LORD_OF_ALL_GODS_NAME">
			<Text>Amun: Lord of All Gods</Text>
		</Row>
		<Row Tag="LOC_CIVIC_ROYAL_DYNASTIES_DESCRIPTION">
			<Text>Receive a free Settler in your [ICON_Capital] Capital upon completion.</Text>
		</Row>
		<Row Tag="LOC_CIVIC_HIEROGLYPHICS_DESCRIPTION">
			<Text>Awards 1 [ICON_Envoy] Envoy.</Text>
		</Row>
		<Row Tag="LOC_CIVIC_MUMMIFICATION_DESCRIPTION">
			<Text>Allows you to add a Belief to your religion.</Text>
		</Row>
		<Row Tag="LOC_CIVIC_NUBIA_SCENARIO_STATE_WORKFORCE_DESCRIPTION">
			<Text>Receive a free Settler in your [ICON_Capital] Capital upon completion.</Text>
		</Row>
		<Row Tag="LOC_CIVIC_NUBIA_SCENARIO_FOREIGN_TRADE_DESCRIPTION">
			<Text>Allows creation of one more [ICON_TradeRoute] Trade Route. Awards 1 [ICON_Envoy] Envoy.</Text>
		</Row>
		<Row Tag="LOC_CIVIC_SCRIBES_DESCRIPTION">
			<Text>Awards 1 [ICON_Envoy] Envoy.</Text>
		</Row>
		<Row Tag="LOC_CIVIC_BOOK_OF_THE_DEAD_DESCRIPTION">
			<Text>Allows you to add a Belief to your religion.</Text>
		</Row>
		<Row Tag="LOC_CIVIC_INSTITUTION_OF_THE_MUSES_DESCRIPTION">
			<Text>Awards 1 [ICON_Envoy] Envoy.</Text>
		</Row>
		<Row Tag="LOC_CIVIC_SEPATS_DESCRIPTION">
			<Text>Receive a free Settler in your [ICON_Capital] Capital upon completion.</Text>
		</Row>
		<Row Tag="LOC_CIVIC_BOARDGAMES_ATHLETICS_DESCRIPTION">
			<Text>Receive a free [ICON_GreatGeneral] Great General in your [ICON_Capital] Capital upon completion. Grants flanking and support combat bonuses to all combat units.</Text>
		</Row>
		<Row Tag="LOC_CIVIC_AMUN_LORD_OF_ALL_GODS_DESCRIPTION">
			<Text>Allows you to add a Belief to your religion.</Text>
		</Row>
		<Row Tag="LOC_CIVIC_NUBIA_SCENARIO_FUTURE_CIVIC_DESCRIPTION">
			<Text>Can be completed multiple times.</Text>
		</Row>
		<!-- Districts-->
		<Row Tag="LOC_DISTRICT_NUBIA_SCENARIO_HARBOR_DESCRIPTION">
			<Text>A district for naval activity in your city. Also removes the [ICON_Movement] Movement penalty for embarking and disembarking to and from this tile. Must be built on Coast, Nile River, or Lake Terrain adjacent to land.[NEWLINE][NEWLINE]+1 [ICON_TradeRoute] Trade Route capacity, if this city does not yet have a Commercial Hub district.</Text>
		</Row>
		<Row Tag="LOC_DISTRICT_NILE_RIVER_FAITH">
			<Text>+{1_num} [ICON_Faith] Faith from the adjacent Nile River {1_Num : plural 1?tile; other?tiles;}.</Text>
		</Row>
		<Row Tag="LOC_DISTRICT_NILE_RIVER_GOLD">
			<Text>+{1_num} [ICON_Gold] Gold from the adjacent Nile River {1_Num : plural 1?tile; other?tiles;}.</Text>
		</Row>
		<!-- Governments-->
		<Row Tag="LOC_GOVERNMENT_KANDAKE_NAME">
			<Text>Kandake</Text>
		</Row>
		<Row Tag="LOC_GOVERNMENT_PHARAOH_NAME">
			<Text>Pharaoh</Text>
		</Row>
		<Row Tag="LOC_GOVT_INHERENT_BONUS_KANDAKE">
			<Text>+1 [ICON_TradeRoute] Trade Routes.</Text>
		</Row>
		<Row Tag="LOC_GOVT_INHERENT_BONUS_PHARAOH">
			<Text>[ICON_Capital] Capital receives +2 boost to all yields.</Text>
		</Row>
		<Row Tag="LOC_GOVT_ACCUMULATING_BONUS_KANDAKE">
			<Text>15% discount on purchases with [ICON_Gold] Gold.</Text>
		</Row>
		<Row Tag="LOC_GOVT_ACCUMULATING_BONUS_PHARAOH">
			<Text>+2 [ICON_Housing] Housing in any city with a Holy Site.</Text>
		</Row>
		<!-- Great People-->
		<Row Tag="LOC_NUBIA_SCENARIO_DOUBLE_COMBAT_STRENGTH_AOE_LAND">
			<Text>+10 [ICON_Strength] Combat Bonus to all units within 2 tiles.</Text>
		</Row>
		<Row Tag="LOC_NUBIA_SCENARIO_DOUBLE_COMBAT_STRENGTH_AOE_LAND_MODIFIER">
			<Text>+10 [ICON_Strength] Combat Bonus from [ICON_GreatGeneral] Great General.</Text>
		</Row>
		<Row Tag="LOC_GREAT_PERSON_INDIVIDUAL_MONTUHOTEP_NAME">
			<Text>Mentuhotep II</Text>
		</Row>
		<Row Tag="LOC_GREAT_PERSON_INDIVIDUAL_PIYE_NAME">
			<Text>Piye</Text>
		</Row>
		<Row Tag="LOC_GREAT_PERSON_INDIVIDUAL_AMANIRENAS_NAME">
			<Text>Amanirenas</Text>
		</Row>
		<Row Tag="LOC_GREAT_PERSON_INDIVIDUAL_SHA_NABU_SHU_NAME">
			<Text>Sha-Nabu-shu</Text>
		</Row>
		<Row Tag="LOC_GREAT_PERSON_INDIVIDUAL_CAMBYSES_NAME">
			<Text>Cambyses II</Text>
		</Row>
		<Row Tag="LOC_GREAT_PERSON_INDIVIDUAL_ALEXANDER_NAME">
			<Text>Alexander</Text>
		</Row>
		<Row Tag="LOC_GREAT_PERSON_INDIVIDUAL_AMANISHAKETO_NAME">
			<Text>Amanishaketo</Text>
		</Row>
		<Row Tag="LOC_GREAT_PERSON_INDIVIDUAL_HOREMHEB_NAME">
			<Text>Horemheb</Text>
		</Row>
		<!-- Improvements-->
		<Row Tag="LOC_IMPROVEMENT_NUBIA_SCENARIO_SPHINX_DESCRIPTION">
			<Text>Unlocks the High Priestess ability to construct a Sphinx, unique to Egypt.[NEWLINE][NEWLINE]+1 [ICON_Faith] Faith and +1 [ICON_Culture] Culture. +1 Appeal. +2 [ICON_Faith] Faith if next to a wonder or Holy Site. Cannot be built next to another Sphinx. Can be built on Floodplains.</Text>
		</Row>
		<!-- Policies-->
		<Row Tag="LOC_POLICY_ABU_SIMBEL_NAME">
			<Text>Abu Simbel</Text>
		</Row>
		<Row Tag="LOC_POLICY_FRONTIER_FORTRESSES_NAME">
			<Text>Frontier Fortresses</Text>
		</Row>
		<Row Tag="LOC_POLICY_INUNDATION_CALENDAR_NAME">
			<Text>Inundation Calendar</Text>
		</Row>
		<Row Tag="LOC_POLICY_MERCENARIES_NAME">
			<Text>Mercenaries</Text>
		</Row>
		<Row Tag="LOC_POLICY_MILITARY_COMMUNICATION_NAME">
			<Text>Military Communication</Text>
		</Row>
		<Row Tag="LOC_POLICY_MUSAEUM_NAME">
			<Text>Musaeum</Text>
		</Row>
		<Row Tag="LOC_POLICY_RECORDKEEPING_NAME">
			<Text>Recordkeeping</Text>
		</Row>
		<Row Tag="LOC_POLICY_ROYAL_BODYGUARDS_NAME">
			<Text>Royal Bodyguards</Text>
		</Row>
		<Row Tag="LOC_POLICY_SCORPION_KING_NAME">
			<Text>Scorpion King</Text>
		</Row>
		<Row Tag="LOC_POLICY_TRADE_AGREEMENT_NAME">
			<Text>Trade Agreement</Text>
		</Row>
		<Row Tag="LOC_POLICY_VALLEY_OF_THE_KINGS_NAME">
			<Text>Valley of the Kings</Text>
		</Row>
		<Row Tag="LOC_POLICY_NUBIA_SCENARIO_CONSCRIPTION_DESCRIPTION">
			<Text>+50% [ICON_Production] Production toward Ancient and Classical era melee and ranged units.</Text>
		</Row>
		<Row Tag="LOC_POLICY_NUBIA_SCENARIO_GOD_KING_DESCRIPTION">
			<Text>+2 [ICON_Faith] Faith in the [ICON_Capital] Capital.</Text>
		</Row>
		<Row Tag="LOC_POLICY_NUBIA_SCENARIO_MANEUVER_DESCRIPTION">
			<Text>+100% [ICON_Production] Production toward Ancient and Classical era heavy and light cavalry units.</Text>
		</Row>
		<Row Tag="LOC_POLICY_ABU_SIMBEL_DESCRIPTION">
			<Text>+100% [ICON_Culture] Culture from Holy Site buildings.</Text>
		</Row>
		<Row Tag="LOC_POLICY_FRONTIER_FORTRESSES_DESCRIPTION">
			<Text>+4 [ICON_Gold] Gold from all[ICON_TradeRoute] Trade Routes.</Text>
		</Row>
		<Row Tag="LOC_POLICY_INUNDATION_CALENDAR_DESCRIPTION">
			<Text>+1 [ICON_Science] Science for each city adjacent to a water tile. </Text>
		</Row>
		<Row Tag="LOC_POLICY_MERCENARIES_DESCRIPTION">
			<Text>Pay half the usual cost to levy city-state units.</Text>
		</Row>
		<Row Tag="LOC_POLICY_MILITARY_COMMUNICATION_DESCRIPTION">
			<Text>+2 [ICON_Movement] Movement for all land units.</Text>
		</Row>
		<Row Tag="LOC_POLICY_MUSAEUM_DESCRIPTION">
			<Text>Doubles [ICON_Science] Science output of all of your cities.</Text>
		</Row>
		<Row Tag="LOC_POLICY_RECORDKEEPING_DESCRIPTION">
			<Text>Unit maintenance reduced by 1 [ICON_Gold] Gold per turn, per unit.</Text>
		</Row>
		<Row Tag="LOC_POLICY_ROYAL_BODYGUARDS_DESCRIPTION">
			<Text>+2 [ICON_Culture] Culture in the [ICON_Capital] Capital.</Text>
		</Row>
		<Row Tag="LOC_POLICY_SCORPION_KING_DESCRIPTION">
			<Text>+4 [ICON_Strength] Combat Strength for all units.</Text>
		</Row>
		<Row Tag="LOC_COMBAT_PREVIEW_SCORPION_KING_COMBAT_STRENGTH">
			<Text>+{1_Value} from the Scorpion King.</Text>
		</Row>
		<Row Tag="LOC_POLICY_TRADE_AGREEMENT_DESCRIPTION">
			<Text>+2 [ICON_Gold] Gold from international [ICON_TradeRoute] Trade Routes.</Text>
		</Row>
		<Row Tag="LOC_POLICY_VALLEY_OF_THE_KINGS_DESCRIPTION">
			<Text>+100% Holy Site district adjacency bonuses.</Text>
		</Row>
		<!-- Religions-->
		<Row Tag="LOC_RELIGION_NUBIA_SCENARIO_NUBIA_NAME">
			<Text>Nubian Gods</Text>
		</Row>
		<Row Tag="LOC_RELIGION_NUBIA_SCENARIO_EGYPT_NAME">
			<Text>Egyptian Gods</Text>
		</Row>
		<!-- Resources-->
		<Row Tag="LOC_RESOURCE_SCENARIO_GOLD_NAME">
			<Text>Gold Ore</Text>
		</Row>
		<!-- Routes-->
		<Row Tag="LOC_ROUTE_NUBIA_SCENARIO_ROAD_DESCRIPTION">
			<Text>Can be constructed through [ICON_TradeRoute] Trade Routes. Improves [ICON_Movement] Movement speed of any unit moving from one road tile to another.</Text>
		</Row>
		<!-- Technologies-->
		<Row Tag="LOC_TECH_FISHING_NAME">
			<Text>Fishing</Text>
		</Row>
		<Row Tag="LOC_TECH_MEDICINE_NAME">
			<Text>Medicine</Text>
		</Row>
		<Row Tag="LOC_TECH_FORTIFICATION_NAME">
			<Text>Fortification</Text>
		</Row>
		<Row Tag="LOC_TECH_TOMB_BUILDING_NAME">
			<Text>Tomb Building</Text>
		</Row>
		<Row Tag="LOC_TECH_FISHING_DESCRIPTION">
			<Text>Allows Builders to embark.</Text>
		</Row>
		<Row Tag="LOC_TECH_NUBIA_SCENARIO_SAILING_DESCRIPTION">
			<Text>Allows all land units to embark.</Text>
		</Row>
		<Row Tag="LOC_TECH_NUBIA_SCENARIO_MATHEMATICS_DESCRIPTION">
			<Text>+2 [ICON_Movement] Movement for all naval units.</Text>
		</Row>
		<Row Tag="LOC_TECH_MEDICINE_DESCRIPTION">
			<Text>Receive 2 free Settlers in your [ICON_Capital] Capital upon completion.</Text>
		</Row>
		<!-- Units-->
		<Row Tag="LOC_UNIT_NUBIA_SCENARIO_GREAT_GENERAL_DESCRIPTION">
			<Text>Each [ICON_GreatGeneral] Great General has a passive combat effect on nearby units in this scenario.</Text>
		</Row>
		<Row Tag="LOC_UNIT_NUBIA_SCENARIO_GREAT_PROPHET_DESCRIPTION">
			<Text>Great [ICON_GreatProphet] Prophets are not found in this scenario. Both Egypt and Nubia gain a religion automatically as soon as their capital city is founded.</Text>
		</Row>
		<Row Tag="LOC_UNIT_NUBIA_SCENARIO_EGYPTIAN_CHARIOT_ARCHER_DESCRIPTION">
			<Text>Egyptian unique Ancient era ranged unit that replaces the Heavy Chariot. 6 [ICON_Movement] Movement when starting in open terrain.</Text>
		</Row>
		<Row Tag="LOC_UNIT_NUBIA_SCENARIO_SETTLER_DESCRIPTION">
			<Text>May create new cities. Settlers are only received in this scenario by completing Civics and the Technology Medicine.  They can never be built.</Text>
		</Row>
		<Row Tag="LOC_UNIT_HIGH_PRIESTESS_NAME">
			<Text>High Priestess</Text>
		</Row>
		<Row Tag="LOC_UNIT_MEDJAY_NAME">
			<Text>Medjay</Text>
		</Row>
		<Row Tag="LOC_UNIT_HIGH_PRIESTESS_DESCRIPTION">
			<Text>A unique Builder whose only function is to create a single Sphinx or Nubian Pyramid.</Text>
		</Row>
		<Row Tag="LOC_UNIT_MEDJAY_DESCRIPTION">
			<Text>Strong melee unit with a large combat bonus if in friendly territory and within 1 tile of a Holy Site. May only build Medjay in a city with a Holy Site that contains a Shrine building. </Text>
		</Row>
		<Row Tag="LOC_ABILITY_MEDJAY_HOLY_SITE_COMBAT_MODIFIER_DESCRIPTION">
			<Text>+{1_Value} Combat Strength in friendly territory near Holy Site.</Text>
		</Row>
		<!-- Civic Boosts-->
		<Row Tag="LOC_BOOST_NUBIA_SCENARIO_TRIGGER_STATE_WORKFORCE">
			<Text>Improve 8 tiles.</Text>
		</Row>
		<Row Tag="LOC_BOOST_NUBIA_SCENARIO_TRIGGER_FOREIGN_TRADE">
			<Text>Meet 6 city-states.</Text>
		</Row>
		<Row Tag="LOC_BOOST_NUBIA_SCENARIO_TRIGGER_SCRIBES">
			<Text>Build 2 different specialty districts.</Text>
		</Row>
		<Row Tag="LOC_BOOST_NUBIA_SCENARIO_TRIGGER_BOOK_OF_THE_DEAD">
			<Text>Conquer a city.</Text>
		</Row>
		<Row Tag="LOC_BOOST_NUBIA_SCENARIO_TRIGGER_INSTITUTION_OF_THE_MUSES">
			<Text>Research the Mathematics technology.</Text>
		</Row>
		<Row Tag="LOC_BOOST_NUBIA_SCENARIO_TRIGGER_SEPATS">
			<Text>Build 2 Encampment districts.</Text>
		</Row>
		<Row Tag="LOC_BOOST_NUBIA_SCENARIO_TRIGGER_BOARDGAMES_ATHLETICS">
			<Text>Grow your civilization to at least 24 population.</Text>
		</Row>
		<Row Tag="LOC_BOOST_NUBIA_SCENARIO_TRIGGER_AMUN_LORD_OF_ALL_GODS">
			<Text>Build 3 Shrines.</Text>
		</Row>
		<Row Tag="LOC_BOOST_NUBIA_SCENARIO_TRIGGER_LONGDESC_STATE_WORKFORCE">
			<Text>With the land around our early cities developing nicely, we can fine tune our production techniques.</Text>
		</Row>
		<Row Tag="LOC_BOOST_NUBIA_SCENARIO_TRIGGER_LONGDESC_FOREIGN_TRADE">
			<Text>Your contact with other states has opened up opportunities for lucrative trade.</Text>
		</Row>
		<Row Tag="LOC_BOOST_NUBIA_SCENARIO_TRIGGER_LONGDESC_SCRIBES">
			<Text>Our city is growing so quickly we need a new class of workers to help us track everything.</Text>
		</Row>
		<Row Tag="LOC_BOOST_NUBIA_SCENARIO_TRIGGER_LONGDESC_BOOK_OF_THE_DEAD">
			<Text>We have some fallen heroes from our city conquest. Let us ease their passage through the underworld.</Text>
		</Row>
		<Row Tag="LOC_BOOST_NUBIA_SCENARIO_TRIGGER_LONGDESC_INSTITUTION_OF_THE_MUSES">
			<Text>Our learned mathematicians are a model for scholarship.  Let us aid them by collecting the knowledge of the world under one roof.</Text>
		</Row>
		<Row Tag="LOC_BOOST_NUBIA_SCENARIO_TRIGGER_LONGDESC_SEPATS">
			<Text>With Encampment is place to defend our lands and survey our borders, we can now assert our regional authority.</Text>
		</Row>
		<Row Tag="LOC_BOOST_NUBIA_SCENARIO_TRIGGER_LONGDESC_BOARDGAMES_ATHLETICS">
			<Text>The growing number of citizens in your lands need more entertainment. Shall we play senet or try our hand at archery?</Text>
		</Row>
		<Row Tag="LOC_BOOST_NUBIA_SCENARIO_TRIGGER_LONGDESC_AMUN_LORD_OF_ALL_GODS">
			<Text>Our people now recognize the one supreme god, Amun. Let us build great temples to celebate this creator of the staff of life.</Text>
		</Row>
		<!-- Tech Boosts-->
		<Row Tag="LOC_BOOST_NUBIA_SCENARIO_TRIGGER_SAILING">
			<Text>Improve 2 sea resources.</Text>
		</Row>
		<Row Tag="LOC_BOOST_NUBIA_SCENARIO_TRIGGER_IRRIGATION">
			<Text>Build 4 Farms.</Text>
		</Row>
		<Row Tag="LOC_BOOST_NUBIA_SCENARIO_TRIGGER_THE_WHEEL">
			<Text>Build a Pasture.</Text>
		</Row>
		<Row Tag="LOC_BOOST_NUBIA_SCENARIO_TRIGGER_MEDICINE">
			<Text>Build 2 Plantations.</Text>
		</Row>
		<Row Tag="LOC_BOOST_NUBIA_SCENARIO_TRIGGER_FORTIFICATION">
			<Text>Be the target of a Declaration of War.</Text>
		</Row>
		<Row Tag="LOC_BOOST_NUBIA_SCENARIO_TRIGGER_TOMB_BUILDING">
			<Text>Have the Book of the Dead civic.</Text>
		</Row>
		<Row Tag="LOC_BOOST_NUBIA_SCENARIO_TRIGGER_CELESTIAL_NAVIGATION">
			<Text>Own 2 Galleys.</Text>
		</Row>
		<Row Tag="LOC_BOOST_NUBIA_SCENARIO_TRIGGER_MATHEMATICS">
			<Text>Build 3 Nilometers.</Text>
		</Row>
		<Row Tag="LOC_BOOST_NUBIA_SCENARIO_TRIGGER_IRON_WORKING">
			<Text>Kill an enemy Swordsman.</Text>
		</Row>
		<Row Tag="LOC_BOOST_NUBIA_SCENARIO_TRIGGER_HORSEBACK_RIDING">
			<Text>Kill an enemy Horseman.</Text>
		</Row>
		<Row Tag="LOC_BOOST_NUBIA_SCENARIO_TRIGGER_LONGDESC_SAILING">
			<Text>Your fishermen are helping us learn how to build boats for military purposes.</Text>
		</Row>
		<Row Tag="LOC_BOOST_NUBIA_SCENARIO_TRIGGER_LONGDESC_IRRIGATION">
			<Text>Your numerous farms give you an appreciation of the importance of irrigating your crops.</Text>
		</Row>
		<Row Tag="LOC_BOOST_NUBIA_SCENARIO_TRIGGER_LONGDESC_THE_WHEEL">
			<Text>Domesticating animals should prove useful. Can we get them to carry troops to battle?</Text>
		</Row>
		<Row Tag="LOC_BOOST_NUBIA_SCENARIO_TRIGGER_LONGDESC_MEDICINE">
			<Text>You are mixing in herbs with the crops at your plantations. Do some have medicinal uses?</Text>
		</Row>
		<Row Tag="LOC_BOOST_NUBIA_SCENARIO_TRIGGER_LONGDESC_FORTIFICATION">
			<Text>Faced with the threat of invasion, your people are ready to come up with innovative defenses.</Text>
		</Row>
		<Row Tag="LOC_BOOST_NUBIA_SCENARIO_TRIGGER_LONGDESC_TOMB_BUILDING">
			<Text>With all the proper prayers recorded, we can now build tombs to honor our greatest people.</Text>
		</Row>
		<Row Tag="LOC_BOOST_NUBIA_SCENARIO_TRIGGER_LONGDESC_CELESTIAL_NAVIGATION">
			<Text>Your galley crews are learning how to guide their travels based on studying the night sky.</Text>
		</Row>
		<Row Tag="LOC_BOOST_NUBIA_SCENARIO_TRIGGER_LONGDESC_MATHEMATICS">
			<Text>Your best scientific minds are getting quite accurate with their predictions of the Nile floods.</Text>
		</Row>
		<Row Tag="LOC_BOOST_NUBIA_SCENARIO_TRIGGER_LONGDESC_IRON_WORKING">
			<Text>We have defeated enough Swordsmen that we soon should be able to field similar units.</Text>
		</Row>
		<Row Tag="LOC_BOOST_NUBIA_SCENARIO_TRIGGER_LONGDESC_HORSEBACK_RIDING">
			<Text>We have defeated enough Horsemen that we soon should be able to field similar units.</Text>
		</Row>
		<!-- Terrain/Features-->
		<Row Tag="LOC_FEATURE_CATARACT_NAME">
			<Text>Cataract</Text>
		</Row>
		<Row Tag="LOC_TERRAIN_NILE_RIVER_NAME">
			<Text>Nile River</Text>
		</Row>
		<!-- Victories -->
		<Row Tag="LOC_VICTORY_NUBIA_SCENARIO_TEXT">
			<Text>You have become the first player to build 7 Temples to the glory of the great god Amun. Surely a great pyramid should be constructed to celebrate your accomplishments!</Text>
		</Row>
		<Row Tag="LOC_VICTORY_TEMPLE_COUNT">
			<Text>{1_Player} - Temples to Amun built: {2_Num}</Text>
		</Row>
		<Row Tag="LOC_NUBIA_SCENARIO_ENDGAME_RANKING_LEADER_1_NAME">
			<Text>Living Image of Amun</Text>
		</Row>
		<Row Tag="LOC_NUBIA_SCENARIO_ENDGAME_RANKING_LEADER_2_NAME">
			<Text>Revered by Isis</Text>
		</Row>
		<Row Tag="LOC_NUBIA_SCENARIO_ENDGAME_RANKING_LEADER_3_NAME">
			<Text>Anointed by Anubis</Text>
		</Row>
		<Row Tag="LOC_NUBIA_SCENARIO_ENDGAME_RANKING_LEADER_4_NAME">
			<Text>Disciple of Horus</Text>
		</Row>
		<Row Tag="LOC_NUBIA_SCENARIO_ENDGAME_RANKING_LEADER_5_NAME">
			<Text>Forgotten by Bes</Text>
		</Row>
		<Row Tag="LOC_NUBIA_SCENARIO_ENDGAME_RANKING_LEADER_6_NAME">
			<Text>Shunned by Ash</Text>
		</Row>
		<Row Tag="LOC_NUBIA_SCENARIO_ENDGAME_RANKING_LEADER_1_QUOTE">
			<Text>The lord of all gods honors you. (Don’t let it go to your head.)</Text>
		</Row>
		<Row Tag="LOC_NUBIA_SCENARIO_ENDGAME_RANKING_LEADER_2_QUOTE">
			<Text>She weeps tears of joy for your accomplishment.</Text>
		</Row>
		<Row Tag="LOC_NUBIA_SCENARIO_ENDGAME_RANKING_LEADER_3_QUOTE">
			<Text>He prepares special canopic jars for your entrails.</Text>
		</Row>
		<Row Tag="LOC_NUBIA_SCENARIO_ENDGAME_RANKING_LEADER_4_QUOTE">
			<Text>For honoring his works, you shall never encounter a sandstorm.</Text>
		</Row>
		<Row Tag="LOC_NUBIA_SCENARIO_ENDGAME_RANKING_LEADER_5_QUOTE">
			<Text>Maybe next time he’ll remember to warn you about the snakes.</Text>
		</Row>
		<Row Tag="LOC_NUBIA_SCENARIO_ENDGAME_RANKING_LEADER_6_QUOTE">
			<Text>You’ll find no oasis in any desert—just sand upon sand upon sand.</Text>
		</Row>
		<!-- Events-->
		<Row Tag="LOC_SCENARIO_NUBIA_EVENT_TITLE_1">
			<Text>Rebuild the Old Kingdom</Text>
		</Row>
		<Row Tag="LOC_SCENARIO_NUBIA_EVENT_TITLE_2">
			<Text>Nubia Draws Its Bow</Text>
		</Row>
		<Row Tag="LOC_SCENARIO_NUBIA_EVENT_TITLE_3">
			<Text>Pítati Return To Nubia</Text>
		</Row>
		<Row Tag="LOC_SCENARIO_NUBIA_EVENT_TITLE_4">
			<Text>Pítati Return To Our Service</Text>
		</Row>
		<Row Tag="LOC_SCENARIO_NUBIA_EVENT_TITLE_5">
			<Text>Pharaoh Mentuhotep II Ascends the Throne</Text>
		</Row>
		<Row Tag="LOC_SCENARIO_NUBIA_EVENT_TITLE_6">
			<Text>Pharaoh Mentuhotep II Meets Osiris</Text>
		</Row>
		<Row Tag="LOC_SCENARIO_NUBIA_EVENT_TITLE_7">
			<Text>High Priestess Dedicates Holy Site</Text>
		</Row>
		<Row Tag="LOC_SCENARIO_NUBIA_EVENT_TITLE_8">
			<Text>King Piye Ascends the Throne</Text>
		</Row>
		<Row Tag="LOC_SCENARIO_NUBIA_EVENT_TITLE_9">
			<Text>King Piye Meets Osiris</Text>
		</Row>
		<Row Tag="LOC_SCENARIO_NUBIA_EVENT_TITLE_10">
			<Text>Queen Amanirenas Ascends the Throne</Text>
		</Row>
		<Row Tag="LOC_SCENARIO_NUBIA_EVENT_TITLE_11">
			<Text>Queen Amanirenas Meets Osiris</Text>
		</Row>
		<Row Tag="LOC_SCENARIO_NUBIA_EVENT_TITLE_12">
			<Text>Hyksos Invades</Text>
		</Row>
		<Row Tag="LOC_SCENARIO_NUBIA_EVENT_TITLE_13">
			<Text>Libya Invades</Text>
		</Row>
		<Row Tag="LOC_SCENARIO_NUBIA_EVENT_TITLE_14">
			<Text>Assyria Invades</Text>
		</Row>
		<Row Tag="LOC_SCENARIO_NUBIA_EVENT_TITLE_15">
			<Text>Persia Invades</Text>
		</Row>
		<Row Tag="LOC_SCENARIO_NUBIA_EVENT_TITLE_16">
			<Text>Macedon Invades</Text>
		</Row>
		<Row Tag="LOC_SCENARIO_NUBIA_EVENT_TITLE_17">
			<Text>Rome Invades</Text>
		</Row>
		<Row Tag="LOC_SCENARIO_NUBIA_EVENT_TITLE_18">
			<Text>Secret War Elephants</Text>
		</Row>
		<Row Tag="LOC_SCENARIO_NUBIA_EVENT_DESCRIPTION_1">
			<Text>The Old Kingdom is no more. Though civil war shakes the land, your family's destiny is an Egypt reunited. Perhaps the short-term aid of Nubian mercenaries can help you reclaim the cities along the Nile river.</Text>
		</Row>
		<Row Tag="LOC_SCENARIO_NUBIA_EVENT_DESCRIPTION_2">
			<Text>Your family commands a vital section of the Nile river. With your Egyptian neighbors to the north beset by internal strife, the Land of the Bow finds itself on the verge of empire.</Text>
		</Row>
		<Row Tag="LOC_SCENARIO_NUBIA_EVENT_DESCRIPTION_3">
			<Text>The Nubian mercenaries completed their contract. They return to the Land of the Bow.</Text>
		</Row>
		<Row Tag="LOC_SCENARIO_NUBIA_EVENT_DESCRIPTION_4">
			<Text>Our mercenary archers completed their contract with Egypt. They return home seasoned and well-paid.</Text>
		</Row>
		<Row Tag="LOC_SCENARIO_NUBIA_EVENT_DESCRIPTION_5">
			<Text>The great Mentuhotep II seeks nothing less than the reunification of Upper and Lower Egypt. Should he succeed, we will honor him with the title "Horus Who Unites the Two Lands."</Text>
		</Row>
		<Row Tag="LOC_SCENARIO_NUBIA_EVENT_DESCRIPTION_6">
			<Text>With Mentuhotep II's death, his life-force departs his body and begins a new journey into the afterlife. There he will meet the judgment of Osiris. May his deeds earn him eternal life.</Text>
		</Row>
		<Row Tag="LOC_SCENARIO_NUBIA_EVENT_DESCRIPTION_7">
			<Text>A religious leader arises to complete your new place of worship. With her aid we can forge new symbols of the divine powers possessed by our gods.</Text>
		</Row>
		<Row Tag="LOC_SCENARIO_NUBIA_EVENT_DESCRIPTION_8">
			<Text>The righteous King Piye seeks to free the Egyptian people from the rot at the heart of their masters. He must do so even if this extends Nubian rule deep into Egyptian territory.</Text>
		</Row>
		<Row Tag="LOC_SCENARIO_NUBIA_EVENT_DESCRIPTION_9">
			<Text>With Piye's death, his life-force departs his body and begins a new journey into the afterlife. There he will meet the judgment of Osiris. May his deeds earn him eternal life.</Text>
		</Row>
		<Row Tag="LOC_SCENARIO_NUBIA_EVENT_DESCRIPTION_10">
			<Text>The fierce Queen Amanirenas does not fear the foreign invaders. Should any threaten Nubia, she will personally lead the attack—even if they are the world's most powerful armies.</Text>
		</Row>
		<Row Tag="LOC_SCENARIO_NUBIA_EVENT_DESCRIPTION_11">
			<Text>With Amanirenas' death, her life-force departs her body and begins a new journey into the afterlife. There she will meet the judgment of Osiris. May her deeds earn her eternal life.</Text>
		</Row>
		<Row Tag="LOC_SCENARIO_NUBIA_EVENT_DESCRIPTION_12">
			<Text>Foreign invaders arrive from the northeast! The Hyksos command a fierce chariot-born army from the Levant. They arrive bearing a tool of war never before experienced along the Nile—the horse.</Text>
		</Row>
		<Row Tag="LOC_SCENARIO_NUBIA_EVENT_DESCRIPTION_13">
			<Text>Foreign invaders arrive from Mediterranean! The Libyans come from the west, marching toward the Nile along the coast. From the east come their mysterious allies—the Sea People.</Text>
		</Row>
		<Row Tag="LOC_SCENARIO_NUBIA_EVENT_DESCRIPTION_14">
			<Text>Foreign invaders arrive from the northeast! Assyrians led by Sha-Nabu-shu have already conquered Mesopotamian lands. Beware this fearsome foe!</Text>
		</Row>
		<Row Tag="LOC_SCENARIO_NUBIA_EVENT_DESCRIPTION_15">
			<Text>Foreign invaders arrive from the north! The Persians are hot on the heels of the Assyrians. Will either kingdom from the east gain a foothold along the Nile?</Text>
		</Row>
		<Row Tag="LOC_SCENARIO_NUBIA_EVENT_DESCRIPTION_16">
			<Text>Foreign invaders arrive from the northeast! The conquests of Alexander III of Macedon are said to stretch to the ends of the earth. Now he seeks to add the Nile people to his empire.</Text>
		</Row>
		<Row Tag="LOC_SCENARIO_NUBIA_EVENT_DESCRIPTION_17">
			<Text>Foreign invaders arrive from the north! The mighty legions of the Roman army came from the west to claim the Nile for themselves. Can anyone halt the mightiest army of the era?</Text>
		</Row>
		<Row Tag="LOC_SCENARIO_NUBIA_EVENT_DESCRIPTION_18">
			<Text>At great expense, we trained war elephants at a secret training grounds. Guard them closely—we can maintain their numbers, despite their slow breeding, but do not expect to train more.</Text>
		</Row>
		<Row Tag="LOC_SCENARIO_NUBIA_EVENT_EFFECT_1">
			<Text>These Nubian Pítati Archers will serve in your army for the next 6 turns.</Text>
		</Row>
		<Row Tag="LOC_SCENARIO_NUBIA_EVENT_EFFECT_2">
			<Text>Found a city and explore the rich mineral deposits nearby.</Text>
		</Row>
		<Row Tag="LOC_SCENARIO_NUBIA_EVENT_EFFECT_3">
			<Text>Your Pítati Archer units have been removed.</Text>
		</Row>
		<Row Tag="LOC_SCENARIO_NUBIA_EVENT_EFFECT_4">
			<Text>These experienced Pítati Archers are now available near our [ICON_Capital] Capital. We have also gained 100 [ICON_Gold] Gold.</Text>
		</Row>
		<Row Tag="LOC_SCENARIO_NUBIA_EVENT_EFFECT_5">
			<Text>This [ICON_GreatGeneral] Great General will lead our troops for the next 15 turns.</Text>
		</Row>
		<Row Tag="LOC_SCENARIO_NUBIA_EVENT_EFFECT_6">
			<Text>The [ICON_GreatGeneral] Great General Mentuhotep II has been removed.</Text>
		</Row>
		<Row Tag="LOC_SCENARIO_NUBIA_EVENT_EFFECT_7">
			<Text>This High Priestess can be used to build your unique improvement (Sphinx or Nubian Pyramid) once you have researched the Masonry technology.</Text>
		</Row>
		<Row Tag="LOC_SCENARIO_NUBIA_EVENT_EFFECT_8">
			<Text>This [ICON_GreatGeneral] Great General will lead our troops for the next 15 turns.</Text>
		</Row>
		<Row Tag="LOC_SCENARIO_NUBIA_EVENT_EFFECT_9">
			<Text>The [ICON_GreatGeneral] Great General Piye has been removed.</Text>
		</Row>
		<Row Tag="LOC_SCENARIO_NUBIA_EVENT_EFFECT_10">
			<Text>This [ICON_GreatGeneral] Great General will lead our troops for the next 15 turns.</Text>
		</Row>
		<Row Tag="LOC_SCENARIO_NUBIA_EVENT_EFFECT_11">
			<Text>The [ICON_GreatGeneral] Great General Amanirenas has been removed.</Text>
		</Row>
		<Row Tag="LOC_SCENARIO_NUBIA_EVENT_EFFECT_12">
			<Text>These Hyksos invaders will try to conquer cities and establish a kingdom along the Mediterranean coast.</Text>
		</Row>
		<Row Tag="LOC_SCENARIO_NUBIA_EVENT_EFFECT_13">
			<Text>These Libyan invaders will try to conquer cities and establish a kingdom along the Mediterranean coast.</Text>
		</Row>
		<Row Tag="LOC_SCENARIO_NUBIA_EVENT_EFFECT_14">
			<Text>These Assyrian invaders will try to conquer cities and establish a kingdom along the Mediterranean coast.</Text>
		</Row>
		<Row Tag="LOC_SCENARIO_NUBIA_EVENT_EFFECT_15">
			<Text>These Persian invaders will try to conquer cities and establish a kingdom along the Mediterranean coast.</Text>
		</Row>
		<Row Tag="LOC_SCENARIO_NUBIA_EVENT_EFFECT_16">
			<Text>These Macedonian invaders will try to conquer cities and establish a kingdom along the Mediterranean coast.</Text>
		</Row>
		<Row Tag="LOC_SCENARIO_NUBIA_EVENT_EFFECT_17">
			<Text>These Roman invaders will try to conquer cities and establish a kingdom along the Mediterranean coast.</Text>
		</Row>
		<Row Tag="LOC_SCENARIO_NUBIA_EVENT_EFFECT_18">
			<Text>New War Elephant units are now available. They are not buildable in a city and can only be received by this event.</Text>
		</Row>
	</EnglishText>
</GameData>
