<?xml version="1.0" encoding="utf-8"?>
<!-- edited with XMLSPY v2004 rel. 2 U (http://www.xmlspy.com) by Ed Beach (Firaxis Games) -->
<GameData>
	<EnglishText>
		<Row Tag="LOC_NUBIA_SCENARIO_NAME">
			<Text>Gifts of the Nile</Text>
		</Row>
		<Row Tag="LOC_NUBIA_SCENARIO_TOOLTIP">
			<Text>Two-player showdown along the Nile River between Egypt and Nubia. Lasts no more than 125 Turns.</Text>
		</Row>
		<Row Tag="LOC_NUBIA_SCENARIO_DESCRIPTION">
			<Text>The people of the Nile consider the number 7 to be extremely lucky.[NEWLINE][NEWLINE]It is both a symbol of perfection ...[NEWLINE][NEWLINE]... and a sign of completion.[NEWLINE][NEWLINE]So it shall be: the player who completes 7 Temples to Amun before time expires (125 turns) will earn that god's favor and triumph in this showdown between Nile river rivals.[NEWLINE][NEWLINE][NEWLINE]SPECIAL RULES:[NEWLINE]— Egypt and Nubia may not declare war on each other until Turn 20.[NEWLINE]— Once declared, wars cannot be ended.[NEWLINE]— Holy Site buildings can only be purchased with [ICON_Faith] Faith.</Text>
		</Row>
		<Row Tag="LOC_LOADING_INFO_NUBIA_SCENARIO">
			<Text>[WIP] Nubia scenario load screen text</Text>
		</Row>
		<Row Tag="LOC_NUBIA_SCENARIO_MAP_NAME">
			<Text>Nubia Map</Text>
		</Row>
		<Row Tag="LOC_NUBIA_SCENARIO_MAP_DESCRIPTION">
			<Text>A historical map of the Nile basin.</Text>
		</Row>
		<!-- Victories -->
		<Row Tag="LOC_VICTORY_NUBIA_SCENARIO_NAME">
			<Text>Gifts of the Nile Victory</Text>
		</Row>
		<Row Tag="LOC_VICTORY_NUBIA_SCENARIO_TT">
			<Text>You win this victory when first to build 7 Temples to the glory of the great god Amun.</Text>
		</Row>
		<!-- Civilizations-->
		<Row Tag="LOC_CIVILIZATION_NUBIA_SCENARIO_HYKSOS_NAME">
			<Text>Hyksos</Text>
		</Row>
		<Row Tag="LOC_CIVILIZATION_NUBIA_SCENARIO_LIBYANS_NAME">
			<Text>Libya</Text>
		</Row>
		<Row Tag="LOC_CIVILIZATION_NUBIA_SCENARIO_ASSYRIA_NAME">
			<Text>Assyria</Text>
		</Row>
		<Row Tag="LOC_CIVILIZATION_NUBIA_SCENARIO_PERSIA_NAME">
			<Text>Persia</Text>
		</Row>
		<Row Tag="LOC_CIVILIZATION_NUBIA_SCENARIO_MACEDON_NAME">
			<Text>Macedon</Text>
		</Row>
		<Row Tag="LOC_TRAIT_NUBIA_SCENARIO_CIVILIZATION_ITERU_DESCRIPTION">
			<Text>+15% [ICON_Production] Production towards districts and wonders if the city is adjacent to a water tile. Floodplains do not block placement of districts and wonders. Start with the Fishing and Sailing technologies. </Text>
		</Row>
		<Row Tag="LOC_TRAIT_NUBIA_SCENARIO_CIVILIZATION_TA_SETI_DESCRIPTION">
			<Text>+50% [ICON_Production] Production toward Ranged units. All Ranged units gain +50% combat experience. Start with the Mining technology. Mines over strategic resources provide +1 [ICON_Production] Production. Mines over bonus and luxury resources provide +2 [ICON_Gold] Gold.</Text>
		</Row>
		<!-- Leaders-->
		<Row Tag="LOC_LEADER_NUBIA_SCENARIO_HYKSOS_NAME">
			<Text>Sakir-Har</Text>
		</Row>
		<Row Tag="LOC_LEADER_NUBIA_SCENARIO_LIBYANS_NAME">
			<Text>Osorkon</Text>
		</Row>
		<Row Tag="LOC_LEADER_NUBIA_SCENARIO_ASSYRIA_NAME">
			<Text>Ashurbanipal</Text>
		</Row>
		<Row Tag="LOC_LEADER_NUBIA_SCENARIO_PERSIA_NAME">
			<Text>Cambyses II</Text>
		</Row>
		<Row Tag="LOC_LEADER_NUBIA_SCENARIO_MACEDON_NAME">
			<Text>Alexander</Text>
		</Row>
		<Row Tag="LOC_LEADER_NUBIA_SCENARIO_ROME_NAME">
			<Text>Augustus Caesar</Text>
		</Row>
	</EnglishText>
</GameData>
