<GameData>
	<EnglishText>
		<Row Tag="LOC_PEDIA_CIVILIZATIONS_PAGE_CIVILIZATION_AUSTRALIA_CHAPTER_HISTORY_PARA_1">
			<Text>Settled in turn by Aboriginals, convicts, paupers, prospectors, and bushrangers, the land “down under” was first occupied by people around 45 thousand years ago when some managed to migrate through the Indonesian islands and reach the northern shore of the continent. There these hunter-gathers prospered in isolation, with a rich oral and spiritual culture, until 1770 AD when James Cook sailed along the coast and claimed the whole place for Great Britain. Captain Cook wasn’t the first to bump into Australia—the Dutchman Willem Janszoon and Englishman William Dampier had done so far earlier—but he was the first to see opportunity in a remote and dangerous land.</Text>
		</Row>
		<Row Tag="LOC_PEDIA_CIVILIZATIONS_PAGE_CIVILIZATION_AUSTRALIA_CHAPTER_HISTORY_PARA_2">
			<Text>When the newly formed nation of America refused to accept boatloads of English prisoners originally slated for a penal colony, English authorities reconsidered their plans. As was the prevailing thinking at the time, "what better place to dump our unwanted riff-raff than the opposite end of the world?" And so Commodore Arthur Phillip departed England on the First Fleet, comprising 11 ships (two naval escorts, six convict transports and three cargo ships) bound for New South Wales. Arriving in Botany Bay in January 1788, Phillip soon decided the surrounding swampland was too unhealthy for a colony and relocated the settlement north to the fine natural harbor of Port Jackson—better known today as Sydney Harbour.</Text>
		</Row>
		<Row Tag="LOC_PEDIA_CIVILIZATIONS_PAGE_CIVILIZATION_AUSTRALIA_CHAPTER_HISTORY_PARA_3">
			<Text>The first years were tough for the tiny frontier town of Sydney. Late 18th century professional (and petty) criminals did not make competent farmers, and supply ships were few. Between 1788 and 1792 another 3,546 male and 766 female convicts arrived—most too sick or unfit for hard labor. When the Second Fleet arrived in 1790, more than a quarter of its passengers had died en route, and the conditions of the new arrivals with the Third Fleet appalled even the first arrivals. But Phillip proved to be fair dinkum in his concerns for the success of the colony, and the well-being of the colonists … no matter that most were convicts. He dispatched exploration parties to search for better farmland, welcomed trading ships, promoted public health initiatives, established several small satellite settlements to ease overcrowding, and ignored many of the irrelevant and outdated orders from England. When Governor Phillip returned to England at the end of 1792, the colony was finally stable enough to welcome settlers who arrived of their own free will.</Text>
		</Row>
		<Row Tag="LOC_PEDIA_CIVILIZATIONS_PAGE_CIVILIZATION_AUSTRALIA_CHAPTER_HISTORY_PARA_4">
			<Text>The colonials initially paid little attention to the indigenous Aboriginals, who lived in a timeless, magical realm of the Dreamtime. In the late 18th Century there were roughly a million natives, scattered about in 300 clans and speaking 250 languages with about 700 dialects. Each clan had a spiritual connection with a specific piece of land—bits of desert or tropical rainforest or mountain. According to the Aboriginals, totemic spirit ancestors had forged all aspects of life during the Dreamtime of the world’s creation and wove the past, present, and future together.</Text>
		</Row>
		<Row Tag="LOC_PEDIA_CIVILIZATIONS_PAGE_CIVILIZATION_AUSTRALIA_CHAPTER_HISTORY_PARA_5">
			<Text>Although the Dutch laid claim to the western portion of the continent, the British founded settlements along the coasts of Australia in the form of passive-aggressive disagreement practiced by nation states. Van Diemen’s Land (now known as Tasmania) was settled in 1803, one Captain Bremer founded the short-lived colony Fort Dundas in 1824, a new penal colony was established on the mouth of the Brisbane River in 1824, and Major Lockyer planted a settlement on King George Sound in 1826. Thus, that same year Great Britain claimed the whole of the continent for its very own.</Text>
		</Row>
		<Row Tag="LOC_PEDIA_CIVILIZATIONS_PAGE_CIVILIZATION_AUSTRALIA_CHAPTER_HISTORY_PARA_6">
			<Text>Colonial populations boomed as an influx of people arrived, looking for either a new life or easy pickings. Ex-soldiers and convicts displaced the Yuggera clan and claimed their land near present-day Brisbane. Perth was settled by English gentlefolk in 1829. Squatters sailed into Port Phillip Bay and arguably founded Melbourne in 1835. Meanwhile, the South Australian Company, licensed by the British Crown, established Adelaide.</Text>
		</Row>
		<Row Tag="LOC_PEDIA_CIVILIZATIONS_PAGE_CIVILIZATION_AUSTRALIA_CHAPTER_HISTORY_PARA_7">
			<Text>According to historian Lloyd Robson’s figures, in eighty years (1788-1868) some 161,700 convicts were shipped to the various Australian colonies. Roughly two-thirds of those were thieves from the booming, overcrowded industrial cities (particularly from the Midlands and the north), the majority of these new arrivals repeat offenders. Beyond this, ever-more-frequent ships brought tradesmen and educated sorts with skills (medical, religious, legal, engineering) needed for a growing bit of Jolly Ol’ Antipodean England.</Text>
		</Row>
		<Row Tag="LOC_PEDIA_CIVILIZATIONS_PAGE_CIVILIZATION_AUSTRALIA_CHAPTER_HISTORY_PARA_8">
			<Text>From the early 1820s, increasing numbers of squatters ventured out and occupied land beyond the fringes of the established settlements. There they built extensive stations on which to raise sheep and crops of wheat and oat. With little overhead, they could make considerable profits, thus encouraging others to follow their lead. Wool production became Australia’s largest—and most profitable—export, most bound for English mills. By 1850 some 200 squatters claimed more than 115,830 square miles (300,000 square kilometers), forming a powerful and "respectable" segment of society on the continent.</Text>
		</Row>
		<Row Tag="LOC_PEDIA_CIVILIZATIONS_PAGE_CIVILIZATION_AUSTRALIA_CHAPTER_HISTORY_PARA_9">
			<Text>Meanwhile, the British Colonial Office's Proclamation of Governor Burke declared the Australian continent to be 'terra nullius' (or "no man's land"). By stating that no nation or people owned Australian land but the Crown, the British quashed any chance of treaties with Aboriginal clans. The diseases imported by the Europeans made this more a legal nicety, for smallpox, influenza, measles, whooping cough, and tuberculosis ravaged the natives. Indeed, shortly after the colony in Sydney was established, a smallpox plague killed off half the Aboriginals in the area. Which is not to say that the colonists themselves weren’t taking an active hand in killing the first inhabitants as well—the Hawkesbury War (1795-1816), Pemulwuy’s War (1795-1802), Tedbury’s War (1808-1809), and Nepean War (1814-1816) further cemented the tone of European/Aboriginal relations.</Text>
		</Row>
		<Row Tag="LOC_PEDIA_CIVILIZATIONS_PAGE_CIVILIZATION_AUSTRALIA_CHAPTER_HISTORY_PARA_10">
			<Text>The 1851 discovery of gold in New South Wales and central Victoria brought a massive influx of people, ultimately surpassing the population explosion of California's 1848 gold rush. Boatloads of young men (and a few adventurous young women) arrived from China, the goldfields of California, Ireland, Britain, and India—a chaotic carnival of entertainers, grifters, drifters, quacks, gamblers, and publicans mixed in with actual prospectors. The colony of Victoria grew at an unbelievable rate, from a trifling 76,000 in 1850 to over 530,000 in 1859. The government tried to impose order through licenses and heavy-handed troopers, but this quickly led to violence, culminating in the fight at Ballarat in late 1854 that left at least 30 “diggers” dead and many other wounded. But a few months later, a royal commission made sweeping reforms to the administration of the expanding gold fields, including the abolition of licenses, reorganization of the police, and voting rights to miners.</Text>
		</Row>
		<Row Tag="LOC_PEDIA_CIVILIZATIONS_PAGE_CIVILIZATION_AUSTRALIA_CHAPTER_HISTORY_PARA_11">
			<Text>Despite the bloodshed in the goldfields and the Outback, the wealth from gold and wool brought investment and civilization to the likes of Melbourne, Victoria and Sydney. By the 1880s these were modern, cultured frontier cities where people being gunned down in the streets was an uncommon occurrence. At this point in time the majority of people living on the continent were born in Australia, and began to think of themselves in such a way. Distinctly Australian styles were fastening on the national literary and art movements. With all this progress and culture, it was inevitable that Australian colonists would start thinking about greater autonomy from a distant England.</Text>
		</Row>
		<Row Tag="LOC_PEDIA_CIVILIZATIONS_PAGE_CIVILIZATION_AUSTRALIA_CHAPTER_HISTORY_PARA_12">
			<Text>In 1890, representatives of six colonies (and initially a few New Zealanders) met in Melbourne. They called for the various colonies to unify and elect representatives to a constitutional convention. The very next year the “National Australian Convention” was called to order in Sydney and, with much debate, a draft constitutional bill was hammered out. Despite much dithering, in March 1900 Aussie delegates headed for London with a bill. Parliament approved it in July, and Queen Victoria signed it shortly thereafter. A British lord was dispatched to Australia to create an interim cabinet, oversee the creation of a commonwealth, and hold the first elections. Thus, the Commonwealth of Australia came into being on 1 January 1901.</Text>
		</Row>
		<Row Tag="LOC_PEDIA_CIVILIZATIONS_PAGE_CIVILIZATION_AUSTRALIA_CHAPTER_HISTORY_PARA_13">
			<Text>Even with devastating droughts and a plague of rabbits that permanently ravaged a good deal of Australian farmland, the new country prospered and led a quiet existence. The Australian Parliament passed laws (some of dubious distinction, such as the Immigration Restriction Act of 1901), the nation cobbled together a national army and navy from the remnants of the colonial armed forces, and Australia itself dipped its antipodal toe into the colonial business when British New Guinea became the Australian-administered Territory of Papua in 1906. All seemed relatively calm—until the new nation was dragged into a world war.</Text>
		</Row>
		<Row Tag="LOC_PEDIA_CIVILIZATIONS_PAGE_CIVILIZATION_AUSTRALIA_CHAPTER_HISTORY_PARA_14">
			<Text>Almost a tenth of the population of 4.9 million Aussies volunteered for military service during the First World War, during which more than 60,000 would die at Gallipoli, on the Western Front, and in the Middle East. In return for all this blood, Australian representatives sat at the Versailles peace conference and signed the resultant international treaty, a first for Australia. The nation also took a seat in the League of Nations, and for its trouble received a few German colonies—German New Guinea, the Bismarck Archipelago, and the tiny Nauru.</Text>
		</Row>
		<Row Tag="LOC_PEDIA_CIVILIZATIONS_PAGE_CIVILIZATION_AUSTRALIA_CHAPTER_HISTORY_PARA_15">
			<Text>The 1920s brought labor troubles, rampant modernization, the Great Depression, and various political crises. Adding to this in the 1930s were growing international tensions, especially with increased Japanese expansion into the South Pacific enough so that both Liberal and Labour parties made raising defense spending a campaign issue in the 1937 elections. The government's emphasized cooperation with Great Britain in “a policy of imperial defense” inevitably pulled Australia into another world war in September 1939. Although Australian units distinguished themselves fighting in the Mediterranean and at sea, within two years they were facing a more immediate threat as Imperial Japan attacked across the vast expanse of the Pacific, in Southeast Asia, and through Indonesia and the Philippines. In February 1942, the port at Darwin suffered a devastating air raid—the first of over 100 on the Australian mainland.</Text>
		</Row>
		<Row Tag="LOC_PEDIA_CIVILIZATIONS_PAGE_CIVILIZATION_AUSTRALIA_CHAPTER_HISTORY_PARA_16">
			<Text>Inspired by Prime Minister Curtin, Australia found itself engaged on numerous fronts … notably in the jungles of New Guinea to the north, stepping stone for any Japanese invasion. On the home front, the Curtin government put the nation on total war footing, instituting rationing, taking in refugees, building manufacturing plants and shipyards, and encouraging everyone to “stay the course.” By the time the struggle ended, Australia lost 27,000 soldiers, airmen, and sailors.</Text>
		</Row>
		<Row Tag="LOC_PEDIA_CIVILIZATIONS_PAGE_CIVILIZATION_AUSTRALIA_CHAPTER_HISTORY_PARA_17">
			<Text>Australia enjoyed a post-war boom, marked by a thriving export economy, a massive government-sponsored program of European immigration, a suburban explosion, a "new nationalism" in the arts, the institution of civil rights for Aboriginals, and avoiding most of the Cold War's paranoid brinksmanship. The 21st Century promises even better things for the Aussies.</Text>
		</Row>
		<Row Tag="LOC_PEDIA_LEADERS_PAGE_LEADER_JOHN_CURTIN_QUOTE">
			<Text>I believe that there is in Australia today an intense love of country, greater in its expression than has yet been called forth at any previous period in Australia’s history.</Text>
		</Row>
		<Row Tag="LOC_PEDIA_LEADERS_PAGE_LEADER_JOHN_CURTIN_CHAPTER_HISTORY_PARA_1">
			<Text>The life of John Joseph Curtin might be considered the triumph of the ordinary—that is, if an ordinary person is understood to be a political activist, party leader, and prime minister. He came to be held in high regard by political allies and adversaries alike. This was in no small part due to his guidance of Australia through the chaos of the Second World War, in the face of the greatest threat the young country has yet faced.</Text>
		</Row>
		<Row Tag="LOC_PEDIA_LEADERS_PAGE_LEADER_JOHN_CURTIN_CHAPTER_HISTORY_PARA_2">
			<Text>John was born to Irish immigrants John and Catherine in January 1885 AD at Creswick, Victoria. John (the elder) worked as a warder at the Pentridge Gaol, soldier, policeman in Creswick, then as a manager in various hotels in Melbourne, Dromana, Macedon, and elsewhere. The family eventually ended up in Brunswick, quite poor. What with all the moving about, John (the younger) had an erratic education, mostly in Catholic schools. Around the age of 13 he left school to help the family finances by taking a job as a copy-boy at the newspaper 'Age' in Creswick, then an office-boy at the 'Rambler,' and a laborer in a pottery works. Finally, in September 1903, the young John landed a job at the princely salary of two pounds per week with the Titan Manufacturing Company. This left him some time free to spend in the public library, where he became engrossed in reading "serious" books and essays on politics.</Text>
		</Row>
		<Row Tag="LOC_PEDIA_LEADERS_PAGE_LEADER_JOHN_CURTIN_CHAPTER_HISTORY_PARA_3">
			<Text>By 1911, when he was employed as the Secretary for the Timberworkers’ Union, John had read a lot, shed his Catholic faith, joined the local Political Labor Council and the Victorian Socialist Party, gained a reputation as a “Labour-boy orator,” started writing for radical and socialist newspapers, and played with the Brunswick Football Club. In 1917 he married Elsie Needham, the sister of Labour senator Ted Needham, and moved near Perth to become editor for the 'Westralian Worker.' Western Australia must have agreed with him, for he was soon elected president of the Australian Journalists’ Association. But not before he was charged with failure to enlist in the First World War, convicted in absentia to three months imprisonment, and eventually jailed for three days.</Text>
		</Row>
		<Row Tag="LOC_PEDIA_LEADERS_PAGE_LEADER_JOHN_CURTIN_CHAPTER_HISTORY_PARA_4">
			<Text>After serving as the Australian delegate to the annual conference of the International Labour Organization in Geneva in 1924, the "red-ragger from the east" ran for and won the federal seat of Freemantle in 1928 and again in 1929. Few members have entered the Parliament with more grassroots experience of the working class, but Curtin was miffed when he was not appointed one of the ministers in James Scullin’s administration. Frustrated, morose, alienated and drinking heavily, Curtin considered withdrawing from politics.</Text>
		</Row>
		<Row Tag="LOC_PEDIA_LEADERS_PAGE_LEADER_JOHN_CURTIN_CHAPTER_HISTORY_PARA_5">
			<Text>Instead, when the much-maligned Scullin resigned as the Labour Party’s leader in 1935, Curtin decided to stand in the election to replace him. His opponent to lead the party was Frank Forde, who had been closely associated with the disastrous economic policies of the Scullin administration. Thus, the left-wing factions and the trade unions backed the untested and inexperienced Curtin—on the promise that he would abstain from alcohol. He defeated Forde by just one vote to become the leader of both the Labour Party and the (Loyal) Opposition in Australia.</Text>
		</Row>
		<Row Tag="LOC_PEDIA_LEADERS_PAGE_LEADER_JOHN_CURTIN_CHAPTER_HISTORY_PARA_6">
			<Text>Bringing his usual energy to the fractured party, Curtin toured the state and local party centers constantly, and—according to political pundits—his "quiet steadiness and incisive clarity" proved effective in resurrecting Labour’s fortunes. While the Labour Party did make gains, the outbreak of war derailed everyone’s plans. In the wake of Great Britain’s declaration of war on Nazi Germany, the celebrated Australian Prime Minister Robert Menzies promptly announced his country's support for the Commonwealth’s war efforts. Unfortunately for Menzies, his own party withdrew their support while he was away in England. Menzies was forced to resign.</Text>
		</Row>
		<Row Tag="LOC_PEDIA_LEADERS_PAGE_LEADER_JOHN_CURTIN_CHAPTER_HISTORY_PARA_7">
			<Text>With Japan’s growing saber-rattling a concern to all Australians, Parliament supported Curtin as prime minister—after a series of false starts and unappealing candidates left him the best (but untested) choice. Curtin was sworn in October 1941, at the age of 56 … just in time for a December that saw a renewed Japanese naval offensive throughout the Pacific.</Text>
		</Row>
		<Row Tag="LOC_PEDIA_LEADERS_PAGE_LEADER_JOHN_CURTIN_CHAPTER_HISTORY_PARA_8">
			<Text>The destruction of the last two British battleships in the South Pacific, the fall of Singapore, and Japanese air raids on northern Australia led to great fear of invasion. Consequently, Curtin realigned Australian interests with the United States, instituted a policy allowing conscripted soldiers to be deployed outside of Australia, and affirmed Australia's dominion status for a greater degree of independence from Great Britain. Though Labour opposed many of his government's military policies, Curtin's progressive social reforms pleased all but the hardliners—work for anyone who wanted it, pensions for those who could not work, and expanded rights for Aboriginals.</Text>
		</Row>
		<Row Tag="LOC_PEDIA_LEADERS_PAGE_LEADER_JOHN_CURTIN_CHAPTER_HISTORY_PARA_9">
			<Text>For four years of war Curtin navigated the shoals of public morale, military defeats and victories, and cooperation with impatient allies. By all accounts, he did so brilliantly—but it took a toll on his health. Late in April 1945, as the conflict neared its bloody end, his lungs became congested. After several weeks in hospitals, Curtin insisted on returning to work. He died in July, six weeks before the end of the Second World War.</Text>
		</Row>
		<Row Tag="LOC_PEDIA_LEADERS_PAGE_LEADER_JOHN_CURTIN_CHAPTER_CAPSULE_BODY">
			<Text>Australia views the map with a unique eye, looking for areas of high Appeal and open lands for livestock. Settling in lands others do not want allows them to build a strong civ, made even stronger when John Curtin leads them in wars of defense or liberation.</Text>
		</Row>
		<Row Tag="LOC_PEDIA_LEADERS_PAGE_LEADER_JOHN_CURTIN_CHAPTER_DETAILED_BODY">
			<Text>Australia loves the coasts. Settling there affords them plenty of housing and high Appeal tiles that they can transform into bonus yields for their districts. They will want to spread inland from those coastal cities wherever they can find livestock, using their Pasture culture bomb ability on those resources to gain the room needed for adjacent Outback Stations. In the diplomatic sphere, John Curtin's abilities set them up to be the perfect police force. They don't like aggressive civs and will send their units, especially their trusty Diggers, out to repel invaders and liberate cities when possible.</Text>
		</Row>
		<Row Tag="LOC_PEDIA_UNITS_PAGE_UNIT_DIGGER_CHAPTER_HISTORY_PARA_1">
			<Text>At the onset of World War I, the British Army's need for soldiers led to the creation of the Australian Imperial Force. For bureaucratic ease, these troops were combined into a corps alongside soldiers from New Zealand. The newly formed corps underwent a baptism of enemy fire at the Battle of Gallipoli, which began with the (then) largest amphibious landing in the modern era. Called "Diggers" for their rapid entrenchment—or by their British comrades who thought all Australians worked in mines—they distinguished themselves until the war's armistice, gaining a courageous and genial reputation despite many hardships. Dissolved after the war's end, the Diggers have been re-formed when Australian and New Zealand troops fight together in larger-scale conflicts (such as World War II and Vietnam).</Text>
		</Row>
		<Row Tag="LOC_PEDIA_FEATURES_PAGE_FEATURE_ULURU_CHAPTER_HISTORY_PARA_1">
			<Text>The massive sandstone formation at Australia's geographical center is an inselberg—an "island of rock" emerging from the surrounding flat bushlands. Known as Uluru to the Aboriginal people of the area, it has held cultural and spiritual significance to the Anangu people for countless generations. In 1873 a colonial explorer called it “Ayers Rock” in honor of colonial functionary Henry Ayers, whose greatest accomplishment was having his name applied to a large rock that already had a name. Uluru is known for its natural beauty and shifting colors, especially apparent at dawn and dusk.</Text>
		</Row>
		<Row Tag="LOC_PEDIA_IMPROVEMENTS_PAGE_IMPROVEMENT_OUTBACK_STATION_CHAPTER_HISTORY_PARA_1">
			<Text>Outback stations are known for their broad expanses of land, livestock herds, and self-sufficiency. Somewhat analogous to a ranch, the distinctly Australian stations are run by graziers in remote and somewhat inhospitable areas. They are often immense to compensate for thinly productive grazing ground and the occasional drought. Predictably, cattle stations stock cattle and sheep stations stock sheep. Wild dingoes find sheep to be delicious and defenseless, so graziers in dingo-infested areas traditionally shifted their stock to the (mostly) dingo-proof cattle.</Text>
		</Row>
	</EnglishText>
</GameData>
