<?xml version="1.0" encoding="utf-8"?>
<GameData>
	<BaseGameText>
		<Row Tag="LOC_ALEXANDER_SCENARIO_NAME">
			<Text>Conquests of Alexander</Text>
		</Row>
		<Row Tag="LOC_ALEXANDER_SCENARIO_TOOLTIP">
			<Text>Can you conquer an empire worthy of Alexander the Great? Lasts no more than 60 Turns.</Text>
		</Row>
		<Row Tag="LOC_ALEXANDER_SCENARIO_DESCRIPTION">
			<Text>In this timed single-player scenario, you must rush to expand your empire to truly earn the title of "Alexander the Great." This scenario emphasizes combat, territorial expansion, and calculated use of the Great Generals who will fight by your side.[NEWLINE][NEWLINE]To win, conquer every city on the map within a number of turns determined by your difficulty level:[NEWLINE][NEWLINE]Settler: 60 turns[NEWLINE]Warlord or Chieftain: 55 turns[NEWLINE]King or Prince: 50 turns[NEWLINE]Immortal or Emperor: 45 turns[NEWLINE]Deity: 37 turns</Text>
		</Row>
		<Row Tag="LOC_MOD_ALEXANDERSCENARIO_MAP_NAME">
			<Text>Alexander's World</Text>
		</Row>
		<Row Tag="LOC_MOD_ALEXANDERSCENARIO_MAP_DESCRIPTION">
			<Text>From Greece to Egypt to India.</Text>
		</Row>
		<Row Tag="LOC_MOD_ALEXANDER_SCENARIO_DARIUS_III_NAME">
			<Text>Darius III</Text>
		</Row>
		<Row Tag="LOC_MOD_ALEXANDER_SCENARIO_MACEDON_TRAIT_NAME">
			<Text>Eponymous Cities</Text>
		</Row>
		<Row Tag="LOC_MOD_ALEXANDER_SCENARIO_MACEDON_TRAIT_DESCRIPTION">
			<Text>Settlers receive +1 [ICON_Movement] Movement. All cities start with 2 [ICON_Citizen] Population and a Granary. District [ICON_Production] Production time is decreased and Encampments start with a Basilikoi Paides.</Text>
		</Row>
		<Row Tag="LOC_MOD_ALEXANDER_SCENARIO_PERSIA_TRAIT_NAME">
			<Text>Allies</Text>
		</Row>
		<Row Tag="LOC_MOD_ALEXANDER_SCENARIO_PERSIA_TRAIT_DESCRIPTION">
			<Text>Start the game as suzerain of Athens, Marakanda, and Patala.</Text>
		</Row>
		<Row Tag="LOC_MOD_ALEXANDER_SCENARIO_DARIUS_III_TRAIT_NAME">
			<Text>Postal Service Qualification</Text>
		</Row>
		<Row Tag="LOC_MOD_ALEXANDER_SCENARIO_DARIUS_III_TRAIT_DESCRIPTION">
			<Text>Builders can build 1 extra improvement.</Text>
		</Row>
		<Row Tag="LOC_MOD_ALEXANDER_SCENARIO_UNIT_SETTLER_TRAIT_NAME">
			<Text>Macedon unique unit: Settler</Text>
		</Row>
		<Row Tag="LOC_ALEXANDER_ENDGAME_RANKING_LEADER_QUOTE">
			<Text>"I do not steal victory." —Alexander the Great</Text>
		</Row>
		<Row Tag="LOC_ALEXANDER_ENDGAME_RANKING_LEADER_1_NAME">
			<Text>Alexander the Demonstrably Great</Text>
		</Row>
		<Row Tag="LOC_ALEXANDER_ENDGAME_RANKING_LEADER_1_QUOTE">
			<Text>"To the strongest!"</Text>
		</Row>
		<Row Tag="LOC_ALEXANDER_ENDGAME_RANKING_LEADER_2_NAME">
			<Text>Alexander the Very Good</Text>
		</Row>
		<Row Tag="LOC_ALEXANDER_ENDGAME_RANKING_LEADER_2_QUOTE">
			<Text>"There is nothing impossible to him who will try."</Text>
		</Row>
		<Row Tag="LOC_ALEXANDER_ENDGAME_RANKING_LEADER_3_NAME">
			<Text>Alexander the Rather Decent</Text>
		</Row>
		<Row Tag="LOC_ALEXANDER_ENDGAME_RANKING_LEADER_3_QUOTE">
			<Text>"I had rather excel others in the knowledge of what is excellent, than in the extent of my power and dominion."</Text>
		</Row>
		<Row Tag="LOC_ALEXANDER_ENDGAME_RANKING_LEADER_4_NAME">
			<Text>Alexander the Unusually Mediocre</Text>
		</Row>
		<Row Tag="LOC_ALEXANDER_ENDGAME_RANKING_LEADER_4_QUOTE">
			<Text>"Know ye not that the end and object of conquest is to avoid doing the same thing as the conquered?"</Text>
		</Row>
		<Row Tag="LOC_ALEXANDER_ENDGAME_RANKING_LEADER_5_NAME">
			<Text>Alexander the Verifiably Terrible</Text>
		</Row>
		<Row Tag="LOC_ALEXANDER_ENDGAME_RANKING_LEADER_5_QUOTE">
			<Text>"Holy shadows of the dead, I’m not to blame for your cruel and bitter fate."</Text>
		</Row>
	</BaseGameText>
</GameData>
