<?xml version="1.0" encoding="utf-8"?>
<GameData>
	<EnglishText>
		<!--Persian Cities-->
		<Row Tag="LOC_CITY_NAME_SCENARIO_BABYLON">
			<Text>Babylon</Text>
		</Row>
		<Row Tag="LOC_CITY_NAME_SCENARIO_GAZA">
			<Text>Gaza</Text>
		</Row>
		<Row Tag="LOC_CITY_NAME_SCENARIO_TYRE">
			<Text>Tyre</Text>
		</Row>
		<Row Tag="LOC_CITY_NAME_SCENARIO_ARBELA">
			<Text>Arbela</Text>
		</Row>
		<Row Tag="LOC_CITY_NAME_SCENARIO_TUSA">
			<Text>Tusa</Text>
		</Row>
		<!--City States-->
		<Row Tag="LOC_CITY_NAME_SCENARIO_PATALA">
			<Text>Patala</Text>
		</Row>
		<Row Tag="LOC_CIVILIZATION_SCENARIO_MARAKANDA_NAME">
			<Text>Marakanda</Text>
		</Row>
		<Row Tag="LOC_CIVILIZATION_SCENARIO_PATALA_NAME">
			<Text>Patala</Text>
		</Row>
		<Row Tag="LOC_CIVILIZATION_SCENARIO_ATHENS_DESCRIPTION">
			<Text>Athens City State</Text>
		</Row>
		<Row Tag="LOC_CIVILIZATION_SCENARIO_MARAKANDA_DESCRIPTION">
			<Text>Marakanda City State</Text>
		</Row>
		<Row Tag="LOC_CIVILIZATION_SCENARIO_PATALA_DESCRIPTION">
			<Text>Patala City State</Text>
		</Row>
		<Row Tag="LOC_CIVILIZATION_SCENARIO_ATHENS_ADJECTIVE">
			<Text>Athenian</Text>
		</Row>
		<Row Tag="LOC_CIVILIZATION_SCENARIO_MARAKANDA_ADJECTIVE">
			<Text>Marakanda</Text>
		</Row>
		<Row Tag="LOC_CIVILIZATION_SCENARIO_PATALA_ADJECTIVE">
			<Text>Patala</Text>
		</Row>
		<!--Great Person-->
		<Row Tag="LOC_GREAT_PERSON_INDIVIDUAL_SCENARIO_ALEXANDER_NAME">
			<Text>Alexander the Great</Text>
		</Row>
		<Row Tag="LOC_GREAT_PERSON_INDIVIDUAL_COENUS_NAME">
			<Text>Coenus</Text>
		</Row>
		<Row Tag="LOC_GREAT_PERSON_INDIVIDUAL_SELEUCUS_NAME">
			<Text>Seleucus</Text>
		</Row>
		<Row Tag="LOC_GREAT_PERSON_INDIVIDUAL_CRATERUS_NAME">
			<Text>Craterus</Text>
		</Row>
		<Row Tag="LOC_GREAT_PERSON_INDIVIDUAL_MELEAGER_NAME">
			<Text>Meleager</Text>
		</Row>
		<Row Tag="LOC_GREAT_PERSON_INDIVIDUAL_POLYPERCHON_NAME">
			<Text>Polyperchon</Text>
		</Row>
		<Row Tag="LOC_GREAT_PERSON_INDIVIDUAL_ANTIGENES_NAME">
			<Text>Antigenes </Text>
		</Row>
		<Row Tag="LOC_GREAT_PERSON_INDIVIDUAL_HEPHAESTION_NAME">
			<Text>Hephaestion</Text>
		</Row>
		<Row Tag="LOC_GREAT_PERSON_INDIVIDUAL_CLEITUS_NAME">
			<Text>Cleitus the Black</Text>
		</Row>
		<Row Tag="LOC_GREAT_PERSON_INDIVIDUAL_PERDICCAS_NAME">
			<Text>Perdiccas</Text>
		</Row>
		<Row Tag="LOC_GREAT_PERSON_INDIVIDUAL_PHILOTAS_NAME">
			<Text>Philotas</Text>
		</Row>
		<Row Tag="LOC_GREAT_PERSON_INDIVIDUAL_LEONNATUS_NAME">
			<Text>Leonnatus</Text>
		</Row>
		<Row Tag="LOC_GREAT_PERSON_INDIVIDUAL_ERIGYIUS_NAME">
			<Text>Erigyius</Text>
		</Row>
		<!--Great Person Area of Effect-->
		<Row Tag="LOC_GREATPERSON_SINGLE_COMBAT_STRENGTH_AOE_LAND_MODIFIER">
			<Text>+5 [ICON_Strength] Combat Bonus from Great General.</Text>
		</Row>
		<Row Tag="LOC_GREATPERSON_SINGLE_COMBAT_STRENGTH_AOE_LAND">
			<Text>+5 [ICON_Strength] Combat Strength and +2 [ICON_Movement] Movement to all units within 2 tiles.</Text>
		</Row>
		<Row Tag="LOC_GREATPERSON_SINGLE_MOVEMENT_AOE_LAND_MODIFIER">
			<Text>+1 [ICON_Movement] Movement to all units.</Text>
		</Row>
		<Row Tag="LOC_GREATPERSON_DOUBLE_COMBAT_STRENGTH_AOE_LAND_MODIFIER">
			<Text>+10 [ICON_Strength] Combat Bonus from Great General.</Text>
		</Row>
		<Row Tag="LOC_GREATPERSON_DOUBLE_COMBAT_STRENGTH_AOE_LAND">
			<Text>+10 [ICON_Strength] Combat Strength and +1 [ICON_Movement] Movement to all units within 2 tiles.</Text>
		</Row>
		<Row Tag="LOC_GREATPERSON_DOUBLE_MOVEMENT_AOE_LAND_MODIFIER">
			<Text>+2 [ICON_Movement] Movement to all units.</Text>
		</Row>
		<Row Tag="LOC_GREATPERSON_TRIPLE_COMBAT_STRENGTH_AOE_LAND_MODIFIER">
			<Text>+15 [ICON_Strength] Combat Bonus from Great General.</Text>
		</Row>
		<Row Tag="LOC_GREATPERSON_TRIPLE_COMBAT_STRENGTH_AOE_LAND">
			<Text>+15 [ICON_Strength] Combat Strength and +3 [ICON_Movement] Movement to all units within 2 tiles.</Text>
		</Row>
		<Row Tag="LOC_GREATPERSON_TRIPLE_MOVEMENT_AOE_LAND_MODIFIER">
			<Text>+3 [ICON_Movement] Movement to all units.</Text>
		</Row>
		<!--Route -->
		<Row Tag="LOC_ROUTE_SCENARIO_ANCIENT_ROAD_DESCRIPTION">
			<Text>Improves [ICON_Movement] Movement speed of any unit moving from one road tile to another.</Text>
		</Row>
		<Row Tag="LOC_ROUTE_SCENARIO_MEDIEVAL_ROAD_DESCRIPTION">
			<Text>Improves [ICON_Movement] Movement speed of any unit moving from one road tile to another.</Text>
		</Row>
		<!--Unit -->
		<Row Tag="LOC_UNIT_SCENARIO_GREEK_HOPLITE_DESCRIPTION">
			<Text>Greek unique Ancient era unit that replaces the Spearman. Does not suffer combat penalties when damaged.</Text>
		</Row>
		<!--Scoring -->
		<Row Tag="LOC_ALEXANDER_SCENARIO_WORLD_RANKING_1">
			<Text>Special Scenario Rules:</Text>
		</Row>
		<Row Tag="LOC_ALEXANDER_SCENARIO_WORLD_RANKING_2">
			<Text>No Technology Tree, Civics Tree, Policies, Diplomacy, or Religion. Macedon is at war with everyone. Peace is not possible and city occupation penalty lasts the entire scenario. </Text>
		</Row>
		<Row Tag="LOC_ALEXANDER_SCENARIO_WORLD_RANKING_3">
			<Text>If the Alexander Great General is killed the scenario is lost. If any other Great General is eliminated they are just removed from play. [ICON_GreatGeneral] Great General points are only earned from killing units with Hypaspists and Hetairoi.</Text>
		</Row>
		<Row Tag="LOC_ALEXANDER_SCENARIO_WORLD_RANKING_4">
			<Text>Receive a free unit when capturing a city with a Palace or Wonder while Alexander is within one tile, as follows:</Text>
		</Row>
		<Row Tag="LOC_ALEXANDER_SCENARIO_WORLD_RANKING_5">
			<Text>[NEWLINE][ICON_Bullet]Athens: 2 Hoplites[NEWLINE][ICON_Bullet]Babylon: 1 Archer[NEWLINE][ICON_Bullet]Halicarnassus: 1 Galley[NEWLINE][ICON_Bullet]Marakanda: 1 Saka Horse Archer[NEWLINE][ICON_Bullet]Memphis: 1 Maryannu Chariot Archer[NEWLINE][ICON_Bullet]Parsa: 2 Immortals[NEWLINE][ICON_Bullet]Patala: 1 Varu</Text>
		</Row>
		<Row Tag="LOC_ALEXANDER_SCENARIO_WORLD_RANKING_6">
			<Text>Cities left to conquer: {1_Cities}</Text>
		</Row>
		<Row Tag="LOC_ALEXANDER_SCENARIO_WORLD_RANKING_7">
			<Text>Difficulty: {1_DifficultyName}</Text>
		</Row>
		<Row Tag="LOC_ALEXANDER_SCENARIO_WORLD_RANKING_8">
			<Text>Score: {1_Score}. [5 Points for every City.]</Text>
		</Row>
		<Row Tag="LOC_ALEXANDER_SCENARIO_WORLD_RANKING_9">
			<Text>Bonus Scoring: {1_Bonus} Bonus Points for finishing the scenario early if you win this turn.</Text>
		</Row>
		<Row Tag="LOC_BUILDING_ALEXANDER_SCENARIO_WALLS_DESCRIPTION">
			<Text>Provides Walls around the City Center and Encampment district. Walls allow [ICON_Ranged] Ranged Strikes from the City Center and Encampment district, and must be defeated before a city can be assaulted. Cannot be built in the scenario. Walls are only placed before the scenario begins.</Text>
		</Row>
		<Row Tag="LOC_BUILDING_ALEXANDER_SCENARIO_WONDERS_DESCRIPTION">
			<Text>No effect in this scenario except Alexander's Leader Ability.</Text>
		</Row>
		<Row Tag="LOC_BUILDING_ALEXANDER_SCENARIO_BASILIKOI_PAIDES_DESCRIPTION">
			<Text>A building unique to Macedon.+25% combat experience for all melee, ranged land units, and Hetairoi trained in this city. </Text>
		</Row>
		<Row Tag="LOC_BUILDING_ALEXANDER_SCENARIO_IMPROVEMENT_PAIRIDAEZA_DESCRIPTION">
			<Text>Unlocks the Builder ability to construct a Pairidaeza, unique to Persia.[NEWLINE][NEWLINE]+1 [ICON_CULTURE] Culture and +2 [ICON_GOLD] Gold. +2 Appeal. +1 [ICON_CULTURE] Culture for each adjacent Holy Site and Theater Square. +1 [ICON_GOLD] Gold for each adjacent Commercial Hub and City Center. </Text>
		</Row>
	</EnglishText>
</GameData>
