<!-- edited with XMLSPY v2004 rel. 2 U (http://www.xmlspy.com) by Ed Beach (Firaxis Games) -->
<GameData>
	<EnglishText>
		<!-- Civs [Majors] -->
		<Row Tag="LOC_CIVILIZATION_KHMER_ADJECTIVE">
			<Text>Khmer</Text>
		</Row>
		<Row Tag="LOC_CIVILIZATION_INDONESIA_ADJECTIVE">
			<Text>Indonesian</Text>
			<Gender>Masculine:an</Gender>
		</Row>
		<!-- Leader Agendas-->
		<Row Tag="LOC_AGENDA_END_TO_SUFFERING_NAME">
			<Text>An End to Suffering</Text>
		</Row>
		<Row Tag="LOC_AGENDA_END_TO_SUFFERING_DESCRIPTION">
			<Text>Likes civilizations with many Holy Sites and with a high average city [ICON_Citizen] Population. Dislikes civs lacking in either of these areas.</Text>
		</Row>
		<Row Tag="LOC_AGENDA_ARCHIPELAGIC_STATE_NAME">
			<Text>Archipelagic State</Text>
		</Row>
		<Row Tag="LOC_AGENDA_ARCHIPELAGIC_STATE_DESCRIPTION">
			<Text>Likes civilizations who avoid settling or conquering cities on small landmasses.  Hates anyone with numerous cities on such islands.</Text>
		</Row>
		<Row Tag="LOC_TOOLTIP_SAMPLE_DIPLOMACY_ARCHIPELAGIC_STATE">
			<Text>Wants to control all the islands</Text>
		</Row>
		<Row Tag="LOC_TOOLTIP_SAMPLE_DIPLOMACY_END_TO_SUFFERING">
			<Text>Likes civs with Holy Sites and high population cities</Text>
		</Row>
		<!-- Citizen Names [Indonesia]-->
		<Row Tag="LOC_CITIZEN_INDONESIA_MALE_1">
			<Text>Adityawarman</Text>
		</Row>
		<Row Tag="LOC_CITIZEN_INDONESIA_MALE_2">
			<Text>Airlangga</Text>
		</Row>
		<Row Tag="LOC_CITIZEN_INDONESIA_MALE_3">
			<Text>Anusapati</Text>
		</Row>
		<Row Tag="LOC_CITIZEN_INDONESIA_MALE_4">
			<Text>Jayakatwang</Text>
		</Row>
		<Row Tag="LOC_CITIZEN_INDONESIA_MALE_5">
			<Text>Jayapangus</Text>
		</Row>
		<Row Tag="LOC_CITIZEN_INDONESIA_MALE_6">
			<Text>Kertanegara</Text>
		</Row>
		<Row Tag="LOC_CITIZEN_INDONESIA_MALE_7">
			<Text>Nambi</Text>
		</Row>
		<Row Tag="LOC_CITIZEN_INDONESIA_MALE_8">
			<Text>Prapanca</Text>
		</Row>
		<Row Tag="LOC_CITIZEN_INDONESIA_MALE_9">
			<Text>Samaragrawira</Text>
		</Row>
		<Row Tag="LOC_CITIZEN_INDONESIA_MALE_10">
			<Text>Wijaya</Text>
		</Row>
		<Row Tag="LOC_CITIZEN_INDONESIA_FEMALE_1">
			<Text>Gayatri</Text>
		</Row>
		<Row Tag="LOC_CITIZEN_INDONESIA_FEMALE_2">
			<Text>Kidul</Text>
		</Row>
		<Row Tag="LOC_CITIZEN_INDONESIA_FEMALE_3">
			<Text>Kusumawardhani</Text>
		</Row>
		<Row Tag="LOC_CITIZEN_INDONESIA_FEMALE_4">
			<Text>Mahendradatta</Text>
		</Row>
		<Row Tag="LOC_CITIZEN_INDONESIA_FEMALE_5">
			<Text>Melati</Text>
		</Row>
		<Row Tag="LOC_CITIZEN_INDONESIA_FEMALE_6">
			<Text>Pitaloka</Text>
		</Row>
		<Row Tag="LOC_CITIZEN_INDONESIA_FEMALE_7">
			<Text>Rajapatni</Text>
		</Row>
		<Row Tag="LOC_CITIZEN_INDONESIA_FEMALE_8">
			<Text>Sinta</Text>
		</Row>
		<Row Tag="LOC_CITIZEN_INDONESIA_FEMALE_9">
			<Text>Suhita</Text>
		</Row>
		<Row Tag="LOC_CITIZEN_INDONESIA_FEMALE_10">
			<Text>Susilawati</Text>
		</Row>
		<Row Tag="LOC_CITIZEN_INDONESIA_MODERN_MALE_1">
			<Text>Adhy</Text>
		</Row>
		<Row Tag="LOC_CITIZEN_INDONESIA_MODERN_MALE_2">
			<Text>Arief</Text>
		</Row>
		<Row Tag="LOC_CITIZEN_INDONESIA_MODERN_MALE_3">
			<Text>Bayu</Text>
		</Row>
		<Row Tag="LOC_CITIZEN_INDONESIA_MODERN_MALE_4">
			<Text>BIntang</Text>
		</Row>
		<Row Tag="LOC_CITIZEN_INDONESIA_MODERN_MALE_5">
			<Text>Hanifah</Text>
		</Row>
		<Row Tag="LOC_CITIZEN_INDONESIA_MODERN_MALE_6">
			<Text>Lingga</Text>
		</Row>
		<Row Tag="LOC_CITIZEN_INDONESIA_MODERN_MALE_7">
			<Text>Raden</Text>
		</Row>
		<Row Tag="LOC_CITIZEN_INDONESIA_MODERN_MALE_8">
			<Text>Rafian</Text>
		</Row>
		<Row Tag="LOC_CITIZEN_INDONESIA_MODERN_MALE_9">
			<Text>Randika</Text>
		</Row>
		<Row Tag="LOC_CITIZEN_INDONESIA_MODERN_MALE_10">
			<Text>Zulfikri</Text>
		</Row>
		<Row Tag="LOC_CITIZEN_INDONESIA_MODERN_FEMALE_1">
			<Text>Anisah</Text>
		</Row>
		<Row Tag="LOC_CITIZEN_INDONESIA_MODERN_FEMALE_2">
			<Text>Ayu</Text>
		</Row>
		<Row Tag="LOC_CITIZEN_INDONESIA_MODERN_FEMALE_3">
			<Text>Citra</Text>
		</Row>
		<Row Tag="LOC_CITIZEN_INDONESIA_MODERN_FEMALE_4">
			<Text>Dewi</Text>
		</Row>
		<Row Tag="LOC_CITIZEN_INDONESIA_MODERN_FEMALE_5">
			<Text>Hanifah</Text>
		</Row>
		<Row Tag="LOC_CITIZEN_INDONESIA_MODERN_FEMALE_6">
			<Text>Megawati</Text>
		</Row>
		<Row Tag="LOC_CITIZEN_INDONESIA_MODERN_FEMALE_7">
			<Text>Puti</Text>
		</Row>
		<Row Tag="LOC_CITIZEN_INDONESIA_MODERN_FEMALE_8">
			<Text>Sukarna</Text>
		</Row>
		<Row Tag="LOC_CITIZEN_INDONESIA_MODERN_FEMALE_9">
			<Text>Vidia</Text>
		</Row>
		<Row Tag="LOC_CITIZEN_INDONESIA_MODERN_FEMALE_10">
			<Text>Yuvashi</Text>
		</Row>
		<!-- Citizen Names [Khmer]-->
		<Row Tag="LOC_CITIZEN_KHMER_MALE_1">
			<Text>Balarama</Text>
		</Row>
		<Row Tag="LOC_CITIZEN_KHMER_MALE_2">
			<Text>Boran</Text>
		</Row>
		<Row Tag="LOC_CITIZEN_KHMER_MALE_3">
			<Text>Damkhat</Text>
		</Row>
		<Row Tag="LOC_CITIZEN_KHMER_MALE_4">
			<Text>Indravarman</Text>
		</Row>
		<Row Tag="LOC_CITIZEN_KHMER_MALE_5">
			<Text>Laksmana</Text>
		</Row>
		<Row Tag="LOC_CITIZEN_KHMER_MALE_6">
			<Text>Nimol</Text>
		</Row>
		<Row Tag="LOC_CITIZEN_KHMER_MALE_7">
			<Text>Rama</Text>
		</Row>
		<Row Tag="LOC_CITIZEN_KHMER_MALE_8">
			<Text>Suryavarman</Text>
		</Row>
		<Row Tag="LOC_CITIZEN_KHMER_MALE_9">
			<Text>Thomma</Text>
		</Row>
		<Row Tag="LOC_CITIZEN_KHMER_MALE_10">
			<Text>Yasovarman</Text>
		</Row>
		<Row Tag="LOC_CITIZEN_KHMER_FEMALE_1">
			<Text>Bormey</Text>
		</Row>
		<Row Tag="LOC_CITIZEN_KHMER_FEMALE_2">
			<Text>Indradevi</Text>
		</Row>
		<Row Tag="LOC_CITIZEN_KHMER_FEMALE_3">
			<Text>Jayarajadevi</Text>
		</Row>
		<Row Tag="LOC_CITIZEN_KHMER_FEMALE_4">
			<Text>Lakshmi</Text>
		</Row>
		<Row Tag="LOC_CITIZEN_KHMER_FEMALE_5">
			<Text>Parvati</Text>
		</Row>
		<Row Tag="LOC_CITIZEN_KHMER_FEMALE_6">
			<Text>Romchang</Text>
		</Row>
		<Row Tag="LOC_CITIZEN_KHMER_FEMALE_7">
			<Text>Sorpheny</Text>
		</Row>
		<Row Tag="LOC_CITIZEN_KHMER_FEMALE_8">
			<Text>Suryavana</Text>
		</Row>
		<Row Tag="LOC_CITIZEN_KHMER_FEMALE_9">
			<Text>Tevoda</Text>
		</Row>
		<Row Tag="LOC_CITIZEN_KHMER_FEMALE_10">
			<Text>Viralakshmi</Text>
		</Row>
		<Row Tag="LOC_CITIZEN_KHMER_MODERN_MALE_1">
			<Text>Chakra</Text>
		</Row>
		<Row Tag="LOC_CITIZEN_KHMER_MODERN_MALE_2">
			<Text>Chhay</Text>
		</Row>
		<Row Tag="LOC_CITIZEN_KHMER_MODERN_MALE_3">
			<Text>Heng</Text>
		</Row>
		<Row Tag="LOC_CITIZEN_KHMER_MODERN_MALE_4">
			<Text>Kiri</Text>
		</Row>
		<Row Tag="LOC_CITIZEN_KHMER_MODERN_MALE_5">
			<Text>Maly</Text>
		</Row>
		<Row Tag="LOC_CITIZEN_KHMER_MODERN_MALE_6">
			<Text>Nimol</Text>
		</Row>
		<Row Tag="LOC_CITIZEN_KHMER_MODERN_MALE_7">
			<Text>Phala</Text>
		</Row>
		<Row Tag="LOC_CITIZEN_KHMER_MODERN_MALE_8">
			<Text>Rathanak</Text>
		</Row>
		<Row Tag="LOC_CITIZEN_KHMER_MODERN_MALE_9">
			<Text>Serey</Text>
		</Row>
		<Row Tag="LOC_CITIZEN_KHMER_MODERN_MALE_10">
			<Text>Sophal</Text>
		</Row>
		<Row Tag="LOC_CITIZEN_KHMER_MODERN_FEMALE_1">
			<Text>Bopha</Text>
		</Row>
		<Row Tag="LOC_CITIZEN_KHMER_MODERN_FEMALE_2">
			<Text>Chantha</Text>
		</Row>
		<Row Tag="LOC_CITIZEN_KHMER_MODERN_FEMALE_3">
			<Text>Dara</Text>
		</Row>
		<Row Tag="LOC_CITIZEN_KHMER_MODERN_FEMALE_4">
			<Text>Jorani</Text>
		</Row>
		<Row Tag="LOC_CITIZEN_KHMER_MODERN_FEMALE_5">
			<Text>Leakena</Text>
		</Row>
		<Row Tag="LOC_CITIZEN_KHMER_MODERN_FEMALE_6">
			<Text>Phhoung</Text>
		</Row>
		<Row Tag="LOC_CITIZEN_KHMER_MODERN_FEMALE_7">
			<Text>Poeu</Text>
		</Row>
		<Row Tag="LOC_CITIZEN_KHMER_MODERN_FEMALE_8">
			<Text>Rachana</Text>
		</Row>
		<Row Tag="LOC_CITIZEN_KHMER_MODERN_FEMALE_9">
			<Text>Sophon</Text>
		</Row>
		<Row Tag="LOC_CITIZEN_KHMER_MODERN_FEMALE_10">
			<Text>Thyda</Text>
		</Row>
		<!-- City Names [Indonesia] -->
		<Row Tag="LOC_CITY_NAME_MAJAPAHIT">
			<Text>Majapahit</Text>
		</Row>
		<Row Tag="LOC_CITY_NAME_TUBAN">
			<Text>Tuban</Text>
		</Row>
		<Row Tag="LOC_CITY_NAME_PALEMBANG">
			<Text>Palembang</Text>
		</Row>
		<Row Tag="LOC_CITY_NAME_JAMBI">
			<Text>Jambi</Text>
		</Row>
		<Row Tag="LOC_CITY_NAME_TERNATE">
			<Text>Ternate</Text>
		</Row>
		<Row Tag="LOC_CITY_NAME_BADUNG">
			<Text>Badung</Text>
		</Row>
		<Row Tag="LOC_CITY_NAME_MATARAM">
			<Text>Mataram</Text>
		</Row>
		<Row Tag="LOC_CITY_NAME_SURABAYA">
			<Text>Surabaya</Text>
		</Row>
		<Row Tag="LOC_CITY_NAME_BANJARMASIN">
			<Text>Banjarmasin</Text>
		</Row>
		<Row Tag="LOC_CITY_NAME_BIMA">
			<Text>Bima</Text>
		</Row>
		<Row Tag="LOC_CITY_NAME_MAKASSAR">
			<Text>Makassar</Text>
		</Row>
		<Row Tag="LOC_CITY_NAME_LAMPUNG">
			<Text>Lampung</Text>
		</Row>
		<Row Tag="LOC_CITY_NAME_BARUS">
			<Text>Barus</Text>
		</Row>
		<Row Tag="LOC_CITY_NAME_BANTEN">
			<Text>Banten</Text>
		</Row>
		<Row Tag="LOC_CITY_NAME_GELGEL">
			<Text>Gelgel</Text>
		</Row>
		<Row Tag="LOC_CITY_NAME_BOGOR">
			<Text>Bogor</Text>
		</Row>
		<Row Tag="LOC_CITY_NAME_PAGARUYUNG">
			<Text>Pagaruyung</Text>
		</Row>
		<Row Tag="LOC_CITY_NAME_GORONTALO">
			<Text>Gorontalo</Text>
		</Row>
		<Row Tag="LOC_CITY_NAME_PEKALONGAN">
			<Text>Pekalongan</Text>
		</Row>
		<Row Tag="LOC_CITY_NAME_SUKADANA">
			<Text>Sukadana</Text>
		</Row>
		<Row Tag="LOC_CITY_NAME_MALANG">
			<Text>Malang</Text>
		</Row>
		<Row Tag="LOC_CITY_NAME_LAMBRI">
			<Text>Lambri</Text>
		</Row>
		<Row Tag="LOC_CITY_NAME_SUKABUMI">
			<Text>Sukabumi</Text>
		</Row>
		<Row Tag="LOC_CITY_NAME_KAHURIPAN">
			<Text>Kahuripan</Text>
		</Row>
		<Row Tag="LOC_CITY_NAME_BENGKULU">
			<Text>Bengkulu</Text>
		</Row>
		<Row Tag="LOC_CITY_NAME_KEDIRI">
			<Text>Kediri</Text>
		</Row>
		<Row Tag="LOC_CITY_NAME_TANJUNGPINANG">
			<Text>Tanjungpinang</Text>
		</Row>
		<Row Tag="LOC_CITY_NAME_BAU_BAU">
			<Text>Bau-Bau</Text>
		</Row>
		<Row Tag="LOC_CITY_NAME_GRESIK">
			<Text>Gresik</Text>
		</Row>
		<Row Tag="LOC_CITY_NAME_PONTIANAK">
			<Text>Pontianak</Text>
		</Row>
		<Row Tag="LOC_CITY_NAME_PANGKALPINANG">
			<Text>Pangkalpinang </Text>
		</Row>
		<!-- City Names [Khmer] -->
		<Row Tag="LOC_CITY_NAME_ANGKOR_THOM">
			<Text>Angkor Thom</Text>
		</Row>
		<Row Tag="LOC_CITY_NAME_ANGKOR_WAT">
			<Text>Angkor Wat</Text>
		</Row>
		<Row Tag="LOC_CITY_NAME_HARIHARALAYA">
			<Text>Hariharalaya</Text>
		</Row>
		<Row Tag="LOC_CITY_NAME_YASODHARAPURA">
			<Text>Yaśodharapura</Text>
		</Row>
		<Row Tag="LOC_CITY_NAME_MAHENDRAPARVATA">
			<Text>Mahendraparvata</Text>
		</Row>
		<Row Tag="LOC_CITY_NAME_VIMAYAPURA">
			<Text>Vimayapura</Text>
		</Row>
		<Row Tag="LOC_CITY_NAME_INDRAPURA">
			<Text>Indrapura</Text>
		</Row>
		<Row Tag="LOC_CITY_NAME_LINGAPURA">
			<Text>Lingapura</Text>
		</Row>
		<Row Tag="LOC_CITY_NAME_PREAH_VIHEAR">
			<Text>Preah Vihear</Text>
		</Row>
		<Row Tag="LOC_CITY_NAME_BHAVAPURA">
			<Text>Bhavapura</Text>
		</Row>
		<Row Tag="LOC_CITY_NAME_KOMPONG_SVAY">
			<Text>Kompong Svay</Text>
		</Row>
		<Row Tag="LOC_CITY_NAME_NAGARA_JAYASRI">
			<Text>Nagara Jayasri</Text>
		</Row>
		<Row Tag="LOC_CITY_NAME_VYADHAPURA">
			<Text>Vyadhapura </Text>
		</Row>
		<Row Tag="LOC_CITY_NAME_CHATURMUKHA">
			<Text>Chaturmukha</Text>
		</Row>
		<Row Tag="LOC_CITY_NAME_DVIRADAPURA">
			<Text>Dviradapura</Text>
		</Row>
		<Row Tag="LOC_CITY_NAME_RAJAVIHARA">
			<Text>Rajavihara</Text>
		</Row>
		<Row Tag="LOC_CITY_NAME_AMARENDRAPURA">
			<Text>Amarendrapura</Text>
		</Row>
		<Row Tag="LOC_CITY_NAME_PHANOM_RUNG">
			<Text>Phanom Rung</Text>
		</Row>
		<Row Tag="LOC_CITY_NAME_ISVARAPURA">
			<Text>Iśvarapura</Text>
		</Row>
		<Row Tag="LOC_CITY_NAME_MUANG_TAM">
			<Text>Muang Tam</Text>
		</Row>
		<Row Tag="LOC_CITY_NAME_ANGKOR_BOREI">
			<Text>Angkor Borei</Text>
		</Row>
		<Row Tag="LOC_CITY_NAME_BANTEAY_KDEI">
			<Text>Banteay Kdei</Text>
		</Row>
		<Row Tag="LOC_CITY_NAME_PHETCHABURI">
			<Text>Phetchaburi</Text>
		</Row>
		<Row Tag="LOC_CITY_NAME_CHAIYA">
			<Text>Chaiya</Text>
		</Row>
		<Row Tag="LOC_CITY_NAME_ISANAPURA">
			<Text>Isanapura</Text>
		</Row>
		<Row Tag="LOC_CITY_NAME_PRE_RUP">
			<Text>Pre Rup </Text>
		</Row>
		<Row Tag="LOC_CITY_NAME_BENG_MELEA">
			<Text>Beng Melea</Text>
		</Row>
		<Row Tag="LOC_CITY_NAME_LAVODAYAPURA">
			<Text>Lavodayapura</Text>
		</Row>
		<Row Tag="LOC_CITY_NAME_SHRESTAPURA">
			<Text>Shrestapura</Text>
		</Row>
		<Row Tag="LOC_CITY_NAME_ANINDITAPURA">
			<Text>Aninditapura</Text>
		</Row>
		<!-- Natural Wonders -->
		<Row Tag="LOC_FEATURE_HA_LONG_BAY_NAME">
			<Text>Hạ Long Bay</Text>
		</Row>
		<Row Tag="LOC_FEATURE_HA_LONG_BAY_DESCRIPTION">
			<Text>Two tile natural wonder that can be found on coastal terrain and provides +3 [ICON_FOOD] Food, +1 [ICON_PRODUCTION] Production, and +1 [ICON_CULTURE] Culture. +15 [ICON_Strength] Combat Strength when defending in this tile.</Text>
		</Row>
		<!-- Unit Abilities  -->
		<Row Tag="LOC_ABILITY_MARTYR_DESCRIPTION">
			<Text>A [ICON_GreatWork_Relic] Relic is created if this unit dies in Theological Combat.</Text>
		</Row>
		<Row Tag="LOC_PROMOTION_JONG_DESCRIPTION">
			<Text>+{1_Amount} bonus when in a formation</Text>
		</Row>
		<!-- World Wonders -->
		<Row Tag="LOC_BUILDING_ANGKOR_WAT_NAME">
			<Text>Angkor Wat</Text>
		</Row>
		<Row Tag="LOC_BUILDING_ANGKOR_WAT_DESCRIPTION">
			<Text>+1 [ICON_Citizen] Population  in all Current Cities when built. +1 [ICON_Housing] Housing in all cities. [NEWLINE][NEWLINE]Must be built adjacent to an Aqueduct district.</Text>
		</Row>
		<!-- New adjacency bonuses-->
		<Row Tag="LOC_DISTRICT_NUSANTARA_FAITH">
			<Text>+{1_num} [ICON_Faith] Faith from the adjacent Coast tile(s).</Text>
		</Row>
		<Row Tag="LOC_DISTRICT_NUSANTARA_SCIENCE">
			<Text>+{1_num} [ICON_Science] Science from the adjacent Coast tile(s).</Text>
		</Row>
		<Row Tag="LOC_DISTRICT_NUSANTARA_PRODUCTION">
			<Text>+{1_num} [ICON_Production] Production from the adjacent Coast tile(s).</Text>
		</Row>
		<Row Tag="LOC_DISTRICT_NUSANTARA_CULTURE">
			<Text>+{1_num} [ICON_Culture] Culture from the adjacent Coast tile(s).</Text>
		</Row>
		<!-- Indonesia Diplo Text -->
		<Row Tag="LOC_DIPLO_ACCEPT_DECLARE_FRIEND_FROM_HUMAN_LEADER_GITARJA_ANY">
			<Text>A fortunate coincidence—I was about to ask the same. Good! The matter is settled.</Text>
		</Row>
		<Row Tag="LOC_DIPLO_REJECT_DECLARE_FRIEND_FROM_HUMAN_LEADER_GITARJA_ANY">
			<Text>I would not go so far as to call you "friend." Until I know your true motives, we must remain as we are.</Text>
		</Row>
		<Row Tag="LOC_DIPLO_DECLARE_FRIEND_FROM_AI_LEADER_GITARJA_ANY">
			<Text>My people find yours a pleasure to encounter. If you feel the same of Indonesia, let us declare it to the world!</Text>
		</Row>
		<Row Tag="LOC_DIPLO_ACCEPT_DECLARE_FRIEND_FROM_AI_LEADER_GITARJA_ANY">
			<Text>Good, good.</Text>
		</Row>
		<Row Tag="LOC_DIPLO_REJECT_DECLARE_FRIEND_FROM_AI_LEADER_GITARJA_ANY">
			<Text>Are you trying to insult me?</Text>
		</Row>
		<Row Tag="LOC_DIPLO_DECLARE_WAR_FROM_HUMAN_LEADER_GITARJA_ANY">
			<Text>Truly? Didn't you know my vengeance puts monsoons to shame? Soon you will.</Text>
		</Row>
		<Row Tag="LOC_DIPLO_DECLARE_WAR_FROM_AI_LEADER_GITARJA_ANY">
			<Text>Before this war ends, you will know the fury of a thousand ships.</Text>
		</Row>
		<Row Tag="LOC_DIPLO_ACCEPT_DELEGATION_FROM_HUMAN_LEADER_GITARJA_ANY">
			<Text>Your delegation did not embarrass themselves. This speaks well of your people.</Text>
		</Row>
		<Row Tag="LOC_DIPLO_REJECT_DELEGATION_FROM_HUMAN_LEADER_GITARJA_ANY">
			<Text>Not right now. An ill tide rolls in—best my people do not associate it with yours.</Text>
		</Row>
		<Row Tag="LOC_DIPLO_DELEGATION_FROM_AI_LEADER_GITARJA_ANY">
			<Text>Our delegation brings oncom spore cakes. The red oncom needs ginger sauce, but the black is delicious alone.</Text>
		</Row>
		<Row Tag="LOC_DIPLO_DENOUNCE_FROM_HUMAN_LEADER_GITARJA_ANY">
			<Text>You call that an insult? A pathetic attempt from a crusted barnacle!</Text>
		</Row>
		<Row Tag="LOC_DIPLO_DENOUNCE_FROM_AI_LEADER_GITARJA_ANY">
			<Text>You are like the muck that spreads around ships in calm waters. When in your presence, it is best to sail away. (Denounces You)</Text>
		</Row>
		<Row Tag="LOC_DIPLO_FIRST_MEET_LEADER_GITARJA_ANY">
			<Text>I am Gitarja, Indonesia's queen and protector. Those who thought us weak litter the ocean floor.</Text>
		</Row>
		<Row Tag="LOC_DIPLO_FIRST_MEET_VISIT_RECIPIENT_LEADER_GITARJA_ANY">
			<Text>Our city is near. Come, you should visit! Take a walk through the kampung.</Text>
		</Row>
		<Row Tag="LOC_DIPLO_FIRST_MEET_NEAR_INITIATOR_POSITIVE_LEADER_GITARJA_ANY">
			<Text>I knew you had it in you.</Text>
		</Row>
		<Row Tag="LOC_DIPLO_FIRST_MEET_NO_MANS_INFO_EXCHANGE_LEADER_GITARJA_ANY">
			<Text>Where is your capital? I will share the location of my own, of course.</Text>
		</Row>
		<Row Tag="LOC_DIPLO_GREETING_LEADER_GITARJA_ANY">
			<Text>I see you.</Text>
		</Row>
		<Row Tag="LOC_DIPLO_KUDO_EXIT_LEADER_GITARJA_ANY">
			<Text>You avoid the smaller shores. Such deference is noted—and well-regarded.</Text>
		</Row>
		<Row Tag="LOC_DIPLO_WARNING_EXIT_LEADER_GITARJA_ANY">
			<Text>You cannot keep hold of your island territories. You should deliver them to someone who can.</Text>
		</Row>
		<Row Tag="LOC_DIPLO_MAKE_ALLIANCE_FROM_AI_LEADER_GITARJA_ANY">
			<Text>Your fleet and mine, sailing together. What do you think of that?</Text>
		</Row>
		<Row Tag="LOC_DIPLO_MAKE_PEACE_AI_ACCEPT_DEAL_LEADER_GITARJA_ANY">
			<Text>I can live with this.</Text>
		</Row>
		<Row Tag="LOC_DIPLO_MAKE_PEACE_AI_REFUSE_DEAL_LEADER_GITARJA_ANY">
			<Text>That offer is almost offensive.</Text>
		</Row>
		<Row Tag="LOC_DIPLO_MAKE_PEACE_FROM_AI_LEADER_GITARJA_ANY">
			<Text>Enough. This fighting does nothing but tempt our true enemies.</Text>
		</Row>
		<Row Tag="LOC_DIPLO_ACCEPT_OPEN_BORDERS_FROM_HUMAN_LEADER_GITARJA_ANY">
			<Text>Of course. We have nothing to hide.</Text>
		</Row>
		<Row Tag="LOC_DIPLO_REJECT_OPEN_BORDERS_FROM_HUMAN_LEADER_GITARJA_ANY">
			<Text>No. You wish to gaze upon Indonesian land? Do so from afar.</Text>
		</Row>
		<Row Tag="LOC_DIPLO_OPEN_BORDERS_FROM_AI_LEADER_GITARJA_ANY">
			<Text>Your lands intrigue the Indonesian people. With open borders, we could explore them.</Text>
		</Row>
		<Row Tag="LOC_DIPLO_WARNING_TOO_MANY_TROOPS_NEAR_ME_LEADER_GITARJA_ANY">
			<Text>Your armies will go hungry before they feast upon Indonesian land.</Text>
		</Row>
		<Row Tag="LOC_DIPLO_DEFEAT_FROM_AI_LEADER_GITARJA_ANY">
			<Text>The dream of Nusantara is lost to the turning tide.</Text>
		</Row>
		<Row Tag="LOC_DIPLO_REJECT_MAKE_DEAL_FROM_AI_LEADER_GITARJA_ANY">
			<Text>I don't like it, but I understand.</Text>
		</Row>
		<Row Tag="LOC_DIPLO_ACCEPT_MAKE_DEAL_FROM_AI_LEADER_GITARJA_ANY">
			<Text>Good!</Text>
		</Row>
		<!-- Khmer Diplo Text -->
		<Row Tag="LOC_DIPLO_ACCEPT_DECLARE_FRIEND_FROM_HUMAN_LEADER_JAYAVARMAN_ANY">
			<Text>Perhaps … yes.</Text>
		</Row>
		<Row Tag="LOC_DIPLO_REJECT_DECLARE_FRIEND_FROM_HUMAN_LEADER_JAYAVARMAN_ANY">
			<Text>I must refuse.</Text>
		</Row>
		<Row Tag="LOC_DIPLO_DECLARE_FRIEND_FROM_AI_LEADER_JAYAVARMAN_ANY">
			<Text>Heaven smiles upon you—as do the Khmer. The world should know of our friendship. Might we declare it?</Text>
		</Row>
		<Row Tag="LOC_DIPLO_ACCEPT_DECLARE_FRIEND_FROM_AI_LEADER_JAYAVARMAN_ANY">
			<Text>That's wise of you.</Text>
		</Row>
		<Row Tag="LOC_DIPLO_REJECT_DECLARE_FRIEND_FROM_AI_LEADER_JAYAVARMAN_ANY">
			<Text>Hmm. I see.</Text>
		</Row>
		<Row Tag="LOC_DIPLO_DECLARE_WAR_FROM_HUMAN_LEADER_JAYAVARMAN_ANY">
			<Text>War, then? Fools think fortune is on their side. Who will you blame when yours runs out?</Text>
		</Row>
		<Row Tag="LOC_DIPLO_DECLARE_WAR_FROM_AI_LEADER_JAYAVARMAN_ANY">
			<Text>Your actions reveal your desire for war. The Khmer shall oblige you.</Text>
		</Row>
		<Row Tag="LOC_DIPLO_ACCEPT_DELEGATION_FROM_HUMAN_LEADER_JAYAVARMAN_ANY">
			<Text>We received your delegation in our capital. The Khmer appreciate your gift.</Text>
		</Row>
		<Row Tag="LOC_DIPLO_REJECT_DELEGATION_FROM_HUMAN_LEADER_JAYAVARMAN_ANY">
			<Text>We cannot accept. The Khmer do not need strange gifts from foreign lands.</Text>
		</Row>
		<Row Tag="LOC_DIPLO_DELEGATION_FROM_AI_LEADER_JAYAVARMAN_ANY">
			<Text>Our delegation brings a-ping, a fried dish. Best to eat the legs before you consume the rest of the tarantula.</Text>
		</Row>
		<Row Tag="LOC_DIPLO_DENOUNCE_FROM_HUMAN_LEADER_JAYAVARMAN_ANY">
			<Text>You defy Heaven with your harsh words. It must be a familiar feeling!</Text>
		</Row>
		<Row Tag="LOC_DIPLO_DENOUNCE_FROM_AI_LEADER_JAYAVARMAN_ANY">
			<Text>You must know how to live a divine life—how else could you teach your people to do the opposite? (Denounces You)</Text>
		</Row>
		<Row Tag="LOC_DIPLO_FIRST_MEET_LEADER_JAYAVARMAN_ANY">
			<Text>I am Jayavarman VII, and the Khmer allow me to lead them. Their suffering is my suffering.</Text>
		</Row>
		<Row Tag="LOC_DIPLO_FIRST_MEET_VISIT_RECIPIENT_LEADER_JAYAVARMAN_ANY">
			<Text>You should travel to our capital. Behold our prasat to understand what the Khmer hold dear.</Text>
		</Row>
		<Row Tag="LOC_DIPLO_FIRST_MEET_NEAR_INITIATOR_POSITIVE_LEADER_JAYAVARMAN_ANY">
			<Text>Very well.</Text>
		</Row>
		<Row Tag="LOC_DIPLO_FIRST_MEET_NO_MANS_INFO_EXCHANGE_LEADER_JAYAVARMAN_ANY">
			<Text>Very well.</Text>
		</Row>
		<Row Tag="LOC_DIPLO_GREETING_LEADER_JAYAVARMAN_ANY">
			<Text>Why do you disturb me?</Text>
		</Row>
		<Row Tag="LOC_DIPLO_KUDO_EXIT_LEADER_JAYAVARMAN_ANY">
			<Text>Ending spiritual suffering is just as important as easing physical distress. You understand this.</Text>
		</Row>
		<Row Tag="LOC_DIPLO_WARNING_EXIT_LEADER_JAYAVARMAN_ANY">
			<Text>How can your people attain the divine without examples of divinity?</Text>
		</Row>
		<Row Tag="LOC_DIPLO_MAKE_ALLIANCE_FROM_AI_LEADER_JAYAVARMAN_ANY">
			<Text>Your actions show you close enough to Heaven for an alliance. Would you walk beside the Khmer?</Text>
		</Row>
		<Row Tag="LOC_DIPLO_MAKE_PEACE_AI_ACCEPT_DEAL_LEADER_JAYAVARMAN_ANY">
			<Text>There is great wisdom in making peace. I can accept this.</Text>
		</Row>
		<Row Tag="LOC_DIPLO_MAKE_PEACE_AI_REFUSE_DEAL_LEADER_JAYAVARMAN_ANY">
			<Text>It would not benefit my people.</Text>
		</Row>
		<Row Tag="LOC_DIPLO_MAKE_PEACE_FROM_AI_LEADER_JAYAVARMAN_ANY">
			<Text>Both of our people suffer. Shall we not end this fruitless war?</Text>
		</Row>
		<Row Tag="LOC_DIPLO_ACCEPT_OPEN_BORDERS_FROM_HUMAN_LEADER_JAYAVARMAN_ANY">
			<Text>Agreed. If your people are to live better, they must experience the Khmer way of life.</Text>
		</Row>
		<Row Tag="LOC_DIPLO_REJECT_OPEN_BORDERS_FROM_HUMAN_LEADER_JAYAVARMAN_ANY">
			<Text>Too many outside influences poison the Khmer way of life. I cannot allow this. Not at this time.</Text>
		</Row>
		<Row Tag="LOC_DIPLO_OPEN_BORDERS_FROM_AI_LEADER_JAYAVARMAN_ANY">
			<Text>There should be no worldly barriers between our people. Do you agree?</Text>
		</Row>
		<Row Tag="LOC_DIPLO_WARNING_TOO_MANY_TROOPS_NEAR_ME_LEADER_JAYAVARMAN_ANY">
			<Text>You march your soldiers close to Khmer territory. Far too close.</Text>
		</Row>
		<Row Tag="LOC_DIPLO_DEFEAT_FROM_AI_LEADER_JAYAVARMAN_ANY">
			<Text>One gains humility in defeat. I pray you are granted the most humility of all.</Text>
		</Row>
		<Row Tag="LOC_DIPLO_REJECT_MAKE_DEAL_FROM_AI_LEADER_JAYAVARMAN_ANY">
			<Text>I see no wisdom in this.</Text>
		</Row>
		<Row Tag="LOC_DIPLO_ACCEPT_MAKE_DEAL_FROM_AI_LEADER_JAYAVARMAN_ANY">
			<Text>Yes. It is good for the Khmer.</Text>
		</Row>
	</EnglishText>
</GameData>
