<GameData>
	<EnglishText>
		<!--Indonesia-->
		<Row Tag="LOC_LOADING_INFO_LEADER_GITARJA">
			<Text>Daring Gitarja, Majapahit queen of ten thousand islands, Indonesia's seas are your greatest strength. As Exalted Goddess of the Three Worlds, you shall spread your divine influence to all waters touched by the sun. Rely upon your loyal fleet, bold queen! Unleash a frightful storm upon those who bring strife to Indonesian shores.</Text>
		</Row>
		<Row Tag="LOC_CIVILIZATION_INDONESIA_NAME">
			<Text>Indonesia</Text>
		</Row>
		<Row Tag="LOC_CIVILIZATION_INDONESIA_DESCRIPTION">
			<Text>Indonesian Empire</Text>
		</Row>
		<Row Tag="LOC_IMPROVEMENT_KAMPUNG_NAME">
			<Text>Kampung</Text>
		</Row>
		<Row Tag="LOC_IMPROVEMENT_KAMPUNG_DESCRIPTION">
			<Text>Unlocks the Builder ability to construct a Kampung, unique to Indonesia.[NEWLINE][NEWLINE]+1 [ICON_PRODUCTION] Production and +1 [ICON_Housing] Housing.+1 [ICON_FOOD] Food for each adjacent Fishing Boat. Additional [ICON_PRODUCTION] Production, [ICON_Housing] Housing, and  [ICON_TOURISM] Tourism as you advance through the Technology and Civics Tree. Must be placed on a Coast or Lake tile adjacent to a sea resource.</Text>
		</Row>
		<Row Tag="LOC_LEADER_GITARJA_NAME">
			<Text>Gitarja</Text>
		</Row>
		<Row Tag="LOC_TRAIT_CIVILIZATION_IMPROVEMENT_KAMPUNG_NAME">
			<Text>Indonesian unique improvement: Kampung</Text>
		</Row>
		<Row Tag="LOC_TRAIT_CIVILIZATION_INDONESIA_NUSANTARA_NAME">
			<Text>Great Nusantara</Text>
		</Row>
		<Row Tag="LOC_TRAIT_CIVILIZATION_INDONESIA_NUSANTARA_DESCRIPTION">
			<Text>Coast and Lake tiles provide a minor adjacency bonus for Holy Site, Campus, Industrial Zone, and Theater Square districts. +1 [ICON_AMENITIES] Amenity from entertainment to each Entertainment Complex adjacent to a Coast or Lake tile.</Text>
		</Row>
		<Row Tag="LOC_TRAIT_CIVILIZATION_UNIT_INDONESIAN_JONG_NAME">
			<Text>Indonesian unique unit: Jong</Text>
		</Row>
		<Row Tag="LOC_TRAIT_LEADER_EXALTED_GODDESS_NAME">
			<Text>Exalted Goddess of the Three Worlds</Text>
		</Row>
		<Row Tag="LOC_TRAIT_LEADER_EXALTED_GODDESS_DESCRIPTION">
			<Text>Naval units can be purchased with [ICON_FAITH] Faith. Religious units pay no movement to embark or disembark. +2[ICON_FAITH] Faith to City Centers that are adjacent to Coast or Lake tiles.</Text>
		</Row>
		<Row Tag="LOC_UNIT_INDONESIAN_JONG_NAME">
			<Text>Jong</Text>
		</Row>
		<Row Tag="LOC_UNIT_INDONESIAN_JONG_DESCRIPTION">
			<Text>Indonesian unique Medieval era naval unit that replaces the Frigate. Formation units all inherit escort's [ICON_Movement] Movement speed and +5 [ICON_Strength] Combat Strength when in a formation.</Text>
		</Row>
		<!--Khmer-->
		<Row Tag="LOC_LOADING_INFO_LEADER_JAYAVARMAN">
			<Text>Wise Jayavarman, seventh to hold the name, the Khmer admire your dedication to their well-being. Your command of the land's fresh waters lets you feed your hungry people, just as it brings you ever closer to Heaven. Go forth, divine architect! Build an empire that approaches perfection—and may your enemies find their end beneath your mighty war elephants.</Text>
		</Row>
		<Row Tag="LOC_BUILDING_PRASAT_NAME">
			<Text>Prasat</Text>
		</Row>
		<Row Tag="LOC_BUILDING_PRASAT_DESCRIPTION">
			<Text>A building unique to Khmer. Required to purchase Apostles and Inquisitors with [ICON_Faith] Faith. Missionaries purchased in this city receive the Martyr ability which grants a [ICON_GreatWork_Relic] Relic if this Missionary dies in Theological Combat.</Text>
		</Row>
		<Row Tag="LOC_CIVILIZATION_KHMER_NAME">
			<Text>Khmer</Text>
		</Row>
		<Row Tag="LOC_CIVILIZATION_KHMER_DESCRIPTION">
			<Text>Khmer Empire</Text>
		</Row>
		<Row Tag="LOC_LEADER_JAYAVARMAN_NAME">
			<Text>Jayavarman VII</Text>
		</Row>
		<Row Tag="LOC_TRAIT_CIVILIZATION_BUILDING_PRASAT_NAME">
			<Text>Khmer unique building: Prasat</Text>
		</Row>
		<Row Tag="LOC_TRAIT_CIVILIZATION_KHMER_BARAYS_NAME">
			<Text>Grand Barays</Text>
		</Row>
		<Row Tag="LOC_TRAIT_CIVILIZATION_KHMER_BARAYS_DESCRIPTION">
			<Text>+3 [ICON_FAITH] Faith and +1 [ICON_AMENITIES] Amenity from entertainment to each city with an Aqueduct. Farms provide +2 [ICON_FOOD] Food if adjacent to an Aqueduct.</Text>
		</Row>
		<Row Tag="LOC_TRAIT_CIVILIZATION_UNIT_KHMER_DOMREY_NAME">
			<Text>Khmer unique unit: Domrey</Text>
		</Row>
		<Row Tag="LOC_TRAIT_LEADER_MONASTERIES_KING_NAME">
			<Text>Monasteries of the King</Text>
		</Row>
		<Row Tag="LOC_TRAIT_LEADER_MONASTERIES_KING_DESCRIPTION">
			<Text>Holy Sites provide +2 [ICON_FOOD] Food and +1 [ICON_HOUSING] Housing if placed on a river. Holy Sites trigger a culture bomb.</Text>
		</Row>
		<Row Tag="LOC_UNIT_KHMER_DOMREY_NAME">
			<Text>Domrey</Text>
		</Row>
		<Row Tag="LOC_UNIT_KHMER_DOMREY_DESCRIPTION">
			<Text>Khmer unique Medieval era siege unit. Can move and shoot in the same turn and exerts zone of control.</Text>
		</Row>
		<!--Map-->
		<Row Tag="LOC_MAP_TSLEAST_ASIA_STANDARD_NAME">
			<Text>True Start Location East Asia</Text>
		</Row>
		<Row Tag="LOC_MAP_TSLEAST_ASIA_STANDARD_DESCRIPTION">
			<Text>Civilizations start at the location of their historic capital on the Asia map.</Text>
		</Row>
		<Row Tag="LOC_MAP_EAST_ASIA_STANDARD_NAME">
			<Text>East Asia</Text>
		</Row>
		<Row Tag="LOC_MAP_EAST_ASIA_STANDARD_DESCRIPTION">
			<Text>A representation of East Asia with resources, terrain, and features reflecting their historic locations.</Text>
		</Row>
	</EnglishText>
</GameData>
