<?xml version="1.0" encoding="utf-8"?>
<!-- edited with XMLSPY v2004 rel. 2 U (http://www.xmlspy.com) by matthew beach (Firaxis Games) -->
<GameData>
	<BaseGameText>
		<!-- Map Name -->
		<Row Tag="LOC_VIKING_SCENARIO_MAP_NAME">
			<Text>Midgard</Text>
		</Row>
		<Row Tag="LOC_VIKING_SCENARIO_MAP_DESCRIPTION">
			<Text>The land of the Vikings.</Text>
		</Row>
		<!--Game Speed-->
		<Row Tag="LOC_VIKING_SCENARIO_GAMESPEED_VALHALLA_NAME">
			<Text>Valhalla</Text>
		</Row>
		<Row Tag="LOC_VIKING_SCENARIO_GAMESPEED_VALHALLA_HELP">
			<Text>The speed of eternal combat.</Text>
		</Row>
		<!-- Eras -->
		<Row Tag="LOC_VIKING_SCENARIO_ERA_EARLY_NAME">
			<Text>Lindisfarne</Text>
		</Row>
		<Row Tag="LOC_VIKING_SCENARIO_ERA_EARLY_DESCRIPTION">
			<Text>The Lindisfarne Era the beginning of Vikings.</Text>
		</Row>
		<Row Tag="LOC_VIKING_SCENARIO_ERA_MIDDLE_NAME">
			<Text>Rus</Text>
		</Row>
		<Row Tag="LOC_VIKING_SCENARIO_ERA_MIDDLE_DESCRIPTION">
			<Text>The Rus Era the zenith of the Vikings.</Text>
		</Row>
		<Row Tag="LOC_VIKING_SCENARIO_ERA_LATE_NAME">
			<Text>Hastings</Text>
		</Row>
		<Row Tag="LOC_VIKING_SCENARIO_ERA_LATE_DESCRIPTION">
			<Text>The Hastings Era the twilight of the Vikings.</Text>
		</Row>
		<!-- Empire Names-->
		<Row Tag="LOC_CIVILIZATION_SCENARIO_DENMARK_DESCRIPTION">
			<Text>Danish Empire</Text>
		</Row>
		<Row Tag="LOC_CIVILIZATION_SCENARIO_SWEDEN_DESCRIPTION">
			<Text>Swedish Empire</Text>
		</Row>
		<Row Tag="LOC_CIVILIZATION_SCENARIO_AL_ANDALUS_DESCRIPTION">
			<Text>Caliphate of Al-Andalus</Text>
		</Row>
		<Row Tag="LOC_CIVILIZATION_SCENARIO_BYZANTIUM_DESCRIPTION">
			<Text>Byzantine Empire</Text>
		</Row>
		<Row Tag="LOC_CIVILIZATION_SCENARIO_FRANCIA_DESCRIPTION">
			<Text>Frankish Empire</Text>
		</Row>
		<!--Leader Names-->
		<Row Tag="LOC_LEADER_SCENARIO_AL_HAKAM_II_NAME">
			<Text>Al-Hakam II</Text>
		</Row>
		<Row Tag="LOC_LEADER_SCENARIO_BASIL_II_NAME">
			<Text>Basil II</Text>
		</Row>
		<Row Tag="LOC_LEADER_SCENARIO_CHARLEMAGNE_NAME">
			<Text>Charlemagne</Text>
		</Row>
		<Row Tag="LOC_LEADER_SCENARIO_CNUT_NAME">
			<Text>Canute</Text>
		</Row>
		<Row Tag="LOC_LEADER_SCENARIO_OLOF_NAME">
			<Text>Olof Skötkonung</Text>
		</Row>
		<!-- Civilizations-->
		<Row Tag="LOC_CIVILIZATION_SCENARIO_DENMARK_NAME">
			<Text>Denmark</Text>
		</Row>
		<Row Tag="LOC_CIVILIZATION_SCENARIO_SWEDEN_NAME">
			<Text>Sweden</Text>
		</Row>
		<Row Tag="LOC_CIVILIZATION_SCENARIO_AL_ANDALUS_NAME">
			<Text>Al-Andalus</Text>
		</Row>
		<Row Tag="LOC_CIVILIZATION_SCENARIO_BYZANTIUM_NAME">
			<Text>Byzantium</Text>
		</Row>
		<Row Tag="LOC_CIVILIZATION_SCENARIO_FRANCIA_NAME">
			<Text>Francia</Text>
		</Row>
		<!--Traits-->
		<Row Tag="LOC_TRAIT_SCENARIO_VIKING_NAME">
			<Text>Viking</Text>
		</Row>
		<Row Tag="LOC_TRAIT_SCENARIO_VIKING_DESCRIPTION">
			<Text>Units ignore additional movement costs from embarking and disembarking.</Text>
		</Row>
		<Row Tag="LOC_TRAIT_SCENARIO_FRANKISH_NAME">
			<Text>Frankish</Text>
		</Row>
		<Row Tag="LOC_TRAIT_SCENARIO_FRANKISH_DESCRIPTION">
			<Text>The Mt. St. Michel wonder is located in Rouen.</Text>
		</Row>
		<Row Tag="LOC_TRAIT_SCENARIO_MOORISH_NAME">
			<Text>Moorish</Text>
		</Row>
		<Row Tag="LOC_TRAIT_SCENARIO_MOORISH_DESCRIPTION">
			<Text>The Alhambra wonder is located in Išbiliya.</Text>
		</Row>
		<Row Tag="LOC_TRAIT_SCENARIO_BYZANTINE_NAME">
			<Text>Byzantine</Text>
		</Row>
		<Row Tag="LOC_TRAIT_SCENARIO_BYZANTINE_DESCRIPTION">
			<Text>The Hagia Sophia Wonder is located in Constantinople.</Text>
		</Row>
		<Row Tag="LOC_TRAIT_LEADER_EXTRA_MILITARY_SLOT_NAME">
			<Text>North Sea Empire</Text>
		</Row>
		<Row Tag="LOC_TRAIT_LEADER_EXTRA_MILITARY_SLOT_DESCRIPTION">
			<Text>Has an extra military policy slot. Can build the Settler, Viking Longship, Missionaries, and Harbor.</Text>
		</Row>
		<Row Tag="LOC_TRAIT_LEADER_FASTER_SHIPS_DESCRIPTION">
			<Text>Naval units have +2 movement. Can build the Settler, Viking Longship, Missionaries, and the Harbor District.</Text>
		</Row>
		<Row Tag="LOC_TRAIT_LEADER_EXTRA_ECONOMIC_SLOT_NAME">
			<Text>Treasure King</Text>
		</Row>
		<Row Tag="LOC_TRAIT_LEADER_EXTRA_ECONOMIC_SLOT_DESCRIPTION">
			<Text>Has an extra economic policy slot. Can build the Settler, Viking Longship, Missionaries, and the Harbor District.</Text>
		</Row>
		<Row Tag="LOC_TRAIT_LEADER_PIOUS_NAME">
			<Text>Pious</Text>
		</Row>
		<Row Tag="LOC_TRAIT_LEADER_PIOUS_DESCRIPTION">
			<Text>Starts with Theocracy and the ability to build Knights.</Text>
		</Row>
		<!-- Scenario Name and Description-->
		<Row Tag="LOC_VIKING_SCENARIO_NAME">
			<Text>Vikings, Traders, and Raiders!</Text>
		</Row>
		<Row Tag="LOC_VIKING_SCENARIO_TOOLTIP">
			<Text>As a viking king, can you amass the greatest wealth?</Text>
		</Row>
		<Row Tag="LOC_VIKING_SCENARIO_DESCRIPTION">
			<Text>Bring Europe under your rule as the mightiest Viking lord in this 60 turn scenario. Play as one of three unique Viking rulers from Denmark, Norway, or Sweden and pillage and raid your way through Europe. Launch a naval invasion of England, conquer Paris, or sail around Gibraltar and raid the Mediterranean Sea.[NEWLINE][NEWLINE]Back home, build a merchant empire as you accumulate trade routes with the most profitable cities that you can. And if you find yourself following a religion, spread the good word and generate [ICON_Faith] Faith for your people.</Text>
		</Row>
		<Row Tag="LOC_LOADING_INFO_VIKING_SCENARIO">
			<Text>What is the worth of a Viking lord? At your command are seafaring warriors who would follow you across the oceans of the known world. Your longships cast shadows in the hearts of those who would keep their wealth within sight of the coast. But pillage for its own sake is simple banditry. You, my lord, are neither simple nor a bandit. Teach them the hard truth of the wealth they flaunt—if they can't protect it, then it was never theirs to keep.</Text>
		</Row>
		<!--Units Name-->
		<Row Tag="LOC_UNIT_SCENARIO_FRANKISH_CABALLARII_NAME">
			<Text>Caballarii</Text>
		</Row>
		<Row Tag="LOC_UNIT_SCENARIO_MOORISH_FARFANES_NAME">
			<Text>Farfanes</Text>
		</Row>
		<!--Units Description-->
		<Row Tag="LOC_UNIT_SCENARIO_NORWEGIAN_BERSERKER_DESCRIPTION">
			<Text>Viking unique unit. 4 [ICON_Movement] Movement if this unit starts in enemy territory. +7 [ICON_Strength] Combat Strength when attacking and -7 [ICON_Strength] Combat Strength when defending. Earns Great General points from Kills.</Text>
		</Row>
		<Row Tag="LOC_UNIT_SCENARIO_NORWEGIAN_LONGSHIP_DESCRIPTION">
			<Text>Viking unique naval unit that replaces the Galley. Can pillage enemy coastal lands and capture civilians if adjacent. Can heal in neutral territory. Earns Great Admiral points from Kills.</Text>
		</Row>
		<Row Tag="LOC_UNIT_SCENARIO_FRANKISH_CABALLARII_DESCRIPTION">
			<Text>Francia unique unit that replaces the Knight. Does not suffer combat penalties when damaged.</Text>
		</Row>
		<Row Tag="LOC_UNIT_SCENARIO_MOORISH_FARFANES_DESCRIPTION">
			<Text>Al-Andulus unique unit. light cavalry unit that fghts better adjacent to or in home territory. Can move after attacking if movement points remain.</Text>
		</Row>
		<Row Tag="LOC_UNIT_SCENARIO_SETTLER_DESCRIPTION">
			<Text>Viking unique unit that may create new cities.</Text>
		</Row>
		<Row Tag="LOC_UNIT_SCENARIO_QUADRIREME_DESCRIPTION">
			<Text>Byzantine unique unit. First naval ranged unit.</Text>
		</Row>
		<!--District Description-->
		<Row Tag="LOC_DISTRICT_SCENARIO_HARBOR_DESCRIPTION">
			<Text>A district unique to the Vikings for naval activity in your city. Also removes the [ICON_Movement] Movement penalty for embarking and disembarking to and from this tile. Must be built on Coast or Lake Terrain adjacent to land.[NEWLINE][NEWLINE]+1 [ICON_TradeRoute] Trade Route capacity, if this city does not yet have a Commercial Hub district. [NEWLINE][NEWLINE]Adjacency: Standard [ICON_Gold] Gold bonus for each adjacent coastal resource. Minor [ICON_Gold] Gold bonus for adjacent district tiles.</Text>
		</Row>
		<!--Improvements Name-->
		<Row Tag="LOC_IMPROVEMENT_SCENARIO_ALCAZAR_NAME">
			<Text>Alcázar</Text>
		</Row>
		<Row Tag="LOC_IMPROVEMENT_SCENARIO_MONASTERY_NAME">
			<Text>Monastery</Text>
		</Row>
		<!--Improvements Description-->
		<Row Tag="LOC_IMPROVEMENT_SCENARIO_ALCAZAR_DESCRIPTION">
			<Text>Al-Andulus Improvement that provides fortification, [ICON_Faith] Faith, and [ICON_Gold] Gold.</Text>
		</Row>
		<Row Tag="LOC_IMPROVEMENT_SCENARIO_MONASTERY_DESCRIPTION">
			<Text>Frankish, Byzantine, and City-State, Improvement that provides [ICON_Faith] Faith.</Text>
		</Row>
	</BaseGameText>
</GameData>
