<?xml version="1.0" encoding="utf-8"?>
<GameData>
  <EnglishText>
    <Row Tag="LOC_MOD_VIKINGS_SCENARIO_TITLE">
      <Text>Scenario: Vikings, Traders, and Raiders!</Text>
    </Row>
    <Row Tag="LOC_MOD_VIKINGS_SCENARIO_TEASER">
      <Text>As a viking king, can you amass the greatest wealth?</Text>
    </Row>
    <Row Tag="LOC_MOD_VIKINGS_SCENARIO_DESCRIPTION">
      <Text>Bring Europe under your rule as the mightiest Viking lord in this 60 turn scenario. Play as one of three unique Viking rulers from Denmark, Norway, or Sweden and pillage and raid your way through Europe. Launch a naval invasion of England, conquer Paris, or sail around Gibraltar and raid the Mediterranean Sea. [NEWLINE][NEWLINE] Back home, build a merchant empire as you accumulate trade routes with the most profitable cities that you can. And if you find yourself following a religion, spread the good word and generate [ICON_Faith] Faith for your people.</Text>
    </Row>
    <Row Tag="LOC_MOD_VIKINGSLANDMARKS_TITLE">
      <Text>DLC: Vikings Content</Text>
    </Row>
    <Row Tag="LOC_MOD_VIKINGSLANDMARKS_TEASER">
      <Text>Three new natural wonders and six new city states.</Text>
    </Row>
    <Row Tag="LOC_MOD_VIKINGSLANDMARKS_DESCRIPTION">
      <Text>Three new natural wonders and six new city states, including two that grant new tile improvements.</Text>
    </Row>
  </EnglishText>
</GameData>

