<?xml version="1.0" encoding="utf-8"?>
<GameData>
	<LocalizedText>
		<Delete Tag="LOC_PEDIA_CIVILIZATIONS_PAGE_CIVILIZATION_CHINA_CHAPTER_HISTORY_PARA_1"/>
		<Delete Tag="LOC_PEDIA_CIVILIZATIONS_PAGE_CIVILIZATION_CHINA_CHAPTER_HISTORY_PARA_2"/>
		<Delete Tag="LOC_PEDIA_CIVILIZATIONS_PAGE_CIVILIZATION_CHINA_CHAPTER_HISTORY_PARA_3"/>
		<Delete Tag="LOC_PEDIA_CIVILIZATIONS_PAGE_CIVILIZATION_CHINA_CHAPTER_HISTORY_PARA_4"/>
		<Delete Tag="LOC_PEDIA_CIVILIZATIONS_PAGE_CIVILIZATION_CHINA_CHAPTER_HISTORY_PARA_5"/>
		<Delete Tag="LOC_PEDIA_CIVILIZATIONS_PAGE_CIVILIZATION_CHINA_CHAPTER_HISTORY_PARA_6"/>
		<Delete Tag="LOC_PEDIA_CIVILIZATIONS_PAGE_CIVILIZATION_CHINA_CHAPTER_HISTORY_PARA_7"/>
		<Delete Tag="LOC_PEDIA_CIVILIZATIONS_PAGE_CIVILIZATION_CHINA_CHAPTER_HISTORY_PARA_8"/>
		<Delete Tag="LOC_PEDIA_CIVILIZATIONS_PAGE_CIVILIZATION_CHINA_CHAPTER_HISTORY_PARA_9"/>
		<Delete Tag="LOC_PEDIA_CIVILIZATIONS_PAGE_CIVILIZATION_CHINA_CHAPTER_HISTORY_PARA_10"/>
		<Delete Tag="LOC_PEDIA_CIVILIZATIONS_PAGE_CIVILIZATION_CHINA_CHAPTER_HISTORY_PARA_11"/>
		<Delete Tag="LOC_PEDIA_CIVILIZATIONS_PAGE_CIVILIZATION_CHINA_CHAPTER_HISTORY_PARA_12"/>
		<Delete Tag="LOC_PEDIA_CIVILIZATIONS_PAGE_CIVILIZATION_INDIA_CHAPTER_HISTORY_PARA_1"/>
		<Delete Tag="LOC_PEDIA_CIVILIZATIONS_PAGE_CIVILIZATION_INDIA_CHAPTER_HISTORY_PARA_2"/>
		<Delete Tag="LOC_PEDIA_CIVILIZATIONS_PAGE_CIVILIZATION_INDIA_CHAPTER_HISTORY_PARA_3"/>
		<Delete Tag="LOC_PEDIA_CIVILIZATIONS_PAGE_CIVILIZATION_INDIA_CHAPTER_HISTORY_PARA_4"/>
		<Delete Tag="LOC_PEDIA_CIVILIZATIONS_PAGE_CIVILIZATION_INDIA_CHAPTER_HISTORY_PARA_5"/>
		<Delete Tag="LOC_PEDIA_CIVILIZATIONS_PAGE_CIVILIZATION_INDIA_CHAPTER_HISTORY_PARA_6"/>
		<Delete Tag="LOC_PEDIA_CIVILIZATIONS_PAGE_CIVILIZATION_INDIA_CHAPTER_HISTORY_PARA_7"/>
		<Delete Tag="LOC_PEDIA_CIVILIZATIONS_PAGE_CIVILIZATION_INDIA_CHAPTER_HISTORY_PARA_8"/>
		<Delete Tag="LOC_PEDIA_CIVILIZATIONS_PAGE_CIVILIZATION_INDIA_CHAPTER_HISTORY_PARA_9"/>
		<Delete Tag="LOC_PEDIA_CIVILIZATIONS_PAGE_CIVILIZATION_INDIA_CHAPTER_HISTORY_PARA_10"/>
		<Delete Tag="LOC_PEDIA_CIVILIZATIONS_PAGE_CIVILIZATION_INDIA_CHAPTER_HISTORY_PARA_11"/>
		<Delete Tag="LOC_PEDIA_CIVILIZATIONS_PAGE_CIVILIZATION_INDIA_CHAPTER_HISTORY_PARA_12"/>
		<Delete Tag="LOC_PEDIA_CIVILIZATIONS_PAGE_CIVILIZATION_INDIA_CHAPTER_HISTORY_PARA_13"/>
		<Delete Tag="LOC_PEDIA_CIVILIZATIONS_PAGE_CIVILIZATION_INDIA_CHAPTER_HISTORY_PARA_14"/>
		<Delete Tag="LOC_PEDIA_CIVILIZATIONS_PAGE_CIVILIZATION_INDONESIA_CHAPTER_HISTORY_PARA_1"/>
		<Delete Tag="LOC_PEDIA_CIVILIZATIONS_PAGE_CIVILIZATION_INDONESIA_CHAPTER_HISTORY_PARA_2"/>
		<Delete Tag="LOC_PEDIA_CIVILIZATIONS_PAGE_CIVILIZATION_INDONESIA_CHAPTER_HISTORY_PARA_3"/>
		<Delete Tag="LOC_PEDIA_CIVILIZATIONS_PAGE_CIVILIZATION_INDONESIA_CHAPTER_HISTORY_PARA_4"/>
		<Delete Tag="LOC_PEDIA_CIVILIZATIONS_PAGE_CIVILIZATION_INDONESIA_CHAPTER_HISTORY_PARA_5"/>
		<Delete Tag="LOC_PEDIA_CIVILIZATIONS_PAGE_CIVILIZATION_INDONESIA_CHAPTER_HISTORY_PARA_6"/>
		<Delete Tag="LOC_PEDIA_CIVILIZATIONS_PAGE_CIVILIZATION_INDONESIA_CHAPTER_HISTORY_PARA_7"/>
		<Delete Tag="LOC_PEDIA_CIVILIZATIONS_PAGE_CIVILIZATION_INDONESIA_CHAPTER_HISTORY_PARA_8"/>
		<Delete Tag="LOC_PEDIA_CIVILIZATIONS_PAGE_CIVILIZATION_INDONESIA_CHAPTER_HISTORY_PARA_9"/>
		<Delete Tag="LOC_PEDIA_CIVILIZATIONS_PAGE_CIVILIZATION_INDONESIA_CHAPTER_HISTORY_PARA_10"/>
		<Delete Tag="LOC_PEDIA_CIVILIZATIONS_PAGE_CIVILIZATION_INDONESIA_CHAPTER_HISTORY_PARA_11"/>
		<Delete Tag="LOC_PEDIA_CIVILIZATIONS_PAGE_CIVILIZATION_INDONESIA_CHAPTER_HISTORY_PARA_12"/>
		<Delete Tag="LOC_PEDIA_CIVILIZATIONS_PAGE_CIVILIZATION_KHMER_CHAPTER_HISTORY_PARA_1"/>
		<Delete Tag="LOC_PEDIA_CIVILIZATIONS_PAGE_CIVILIZATION_KHMER_CHAPTER_HISTORY_PARA_2"/>
		<Delete Tag="LOC_PEDIA_CIVILIZATIONS_PAGE_CIVILIZATION_KHMER_CHAPTER_HISTORY_PARA_3"/>
		<Delete Tag="LOC_PEDIA_CIVILIZATIONS_PAGE_CIVILIZATION_KHMER_CHAPTER_HISTORY_PARA_4"/>
		<Delete Tag="LOC_PEDIA_CIVILIZATIONS_PAGE_CIVILIZATION_KHMER_CHAPTER_HISTORY_PARA_5"/>
		<Delete Tag="LOC_PEDIA_CIVILIZATIONS_PAGE_CIVILIZATION_KHMER_CHAPTER_HISTORY_PARA_6"/>
		<Delete Tag="LOC_PEDIA_CIVILIZATIONS_PAGE_CIVILIZATION_KHMER_CHAPTER_HISTORY_PARA_7"/>
		<Delete Tag="LOC_PEDIA_CIVILIZATIONS_PAGE_CIVILIZATION_KHMER_CHAPTER_HISTORY_PARA_8"/>
		<Delete Tag="LOC_PEDIA_CIVILIZATIONS_PAGE_CIVILIZATION_KHMER_CHAPTER_HISTORY_PARA_9"/>
		<Delete Tag="LOC_PEDIA_CIVILIZATIONS_PAGE_CIVILIZATION_KHMER_CHAPTER_HISTORY_PARA_10"/>
		<Delete Tag="LOC_PEDIA_CIVILIZATIONS_PAGE_CIVILIZATION_KHMER_CHAPTER_HISTORY_PARA_11"/>
		<Delete Tag="LOC_PEDIA_CIVILIZATIONS_PAGE_CIVILIZATION_KHMER_CHAPTER_HISTORY_PARA_12"/>
		<Delete Tag="LOC_PEDIA_CIVILIZATIONS_PAGE_CIVILIZATION_KHMER_CHAPTER_HISTORY_PARA_13"/>
		<Delete Tag="LOC_PEDIA_CIVILIZATIONS_PAGE_CIVILIZATION_KHMER_CHAPTER_HISTORY_PARA_14"/>
		<Delete Tag="LOC_PEDIA_GOVERNMENTS_PAGEGROUP_MILITARY_POLICIES_NAME"/>
		<Delete Tag="LOC_PEDIA_GOVERNMENTS_PAGE_POLICY_LIBERALISM_CHAPTER_HISTORY_PARA_1"/>
		<Delete Tag="LOC_PEDIA_UNITPROMOTIONS_PAGE_PROMOTION_DEBATER_CHAPTER_HISTORY_PARA_1"/>
		<Delete Tag="LOC_PEDIA_UNITPROMOTIONS_PAGE_PROMOTION_GARRISON_CHAPTER_HISTORY_PARA_1"/>
		<Delete Tag="LOC_PEDIA_UNITPROMOTIONS_PAGE_PROMOTION_ORATOR_CHAPTER_HISTORY_PARA_1"/>
		<Delete Tag="LOC_PEDIA_UNITPROMOTIONS_PAGE_PROMOTION_PROSELYTIZER_CHAPTER_HISTORY_PARA_1"/>
		<Delete Tag="LOC_PEDIA_UNITPROMOTIONS_PAGE_PROMOTION_TRANSLATOR_CHAPTER_HISTORY_PARA_1"/>
		<Delete Tag="LOC_PEDIA_UNITS_PAGE_UNIT_GURU_CHAPTER_HISTORY_PARA_1"/>
		<Delete Tag="LOC_PEDIA_UNITS_PAGE_UNIT_MISSIONARY_CHAPTER_HISTORY_PARA_1"/>
		
		<!-- Rename tech strings to civic strings for the pedia.  -->
		<Update>
			<Set Tag="LOC_PEDIA_CIVICS_PAGE_CIVIC_CELESTIAL_NAVIGATION_CHAPTER_HISTORY_PARA_1"/>
			<Where Tag="LOC_PEDIA_TECHNOLOGIES_PAGE_TECH_CELESTIAL_NAVIGATION_CHAPTER_HISTORY_PARA_1"/>
		</Update>
		<Update>
			<Set Tag="LOC_PEDIA_CIVICS_PAGE_CIVIC_CELESTIAL_NAVIGATION_CHAPTER_HISTORY_PARA_2"/>
			<Where Tag="LOC_PEDIA_TECHNOLOGIES_PAGE_TECH_CELESTIAL_NAVIGATION_CHAPTER_HISTORY_PARA_2"/>
		</Update>
		<Update>
			<Set Tag="LOC_PEDIA_CIVICS_PAGE_CIVIC_CELESTIAL_NAVIGATION_CHAPTER_HISTORY_PARA_3"/>
			<Where Tag="LOC_PEDIA_TECHNOLOGIES_PAGE_TECH_CELESTIAL_NAVIGATION_CHAPTER_HISTORY_PARA_3"/>
		</Update>
		<Update>
			<Set Tag="LOC_PEDIA_CIVICS_PAGE_CIVIC_CELESTIAL_NAVIGATION_CHAPTER_HISTORY_PARA_4"/>
			<Where Tag="LOC_PEDIA_TECHNOLOGIES_PAGE_TECH_CELESTIAL_NAVIGATION_CHAPTER_HISTORY_PARA_4"/>
		</Update>
		<Update>
			<Set Tag="LOC_PEDIA_CIVICS_PAGE_CIVIC_CURRENCY_CHAPTER_HISTORY_PARA_1"/>
			<Where Tag="LOC_PEDIA_TECHNOLOGIES_PAGE_TECH_CURRENCY_CHAPTER_HISTORY_PARA_1"/>
		</Update>
		<Update>
			<Set Tag="LOC_PEDIA_CIVICS_PAGE_CIVIC_CURRENCY_CHAPTER_HISTORY_PARA_2"/>
			<Where Tag="LOC_PEDIA_TECHNOLOGIES_PAGE_TECH_CURRENCY_CHAPTER_HISTORY_PARA_2"/>
		</Update>
		<Update>
			<Set Tag="LOC_PEDIA_CIVICS_PAGE_CIVIC_CURRENCY_CHAPTER_HISTORY_PARA_3"/>
			<Where Tag="LOC_PEDIA_TECHNOLOGIES_PAGE_TECH_CURRENCY_CHAPTER_HISTORY_PARA_3"/>
		</Update>
		<Update>
			<Set Tag="LOC_PEDIA_CIVICS_PAGE_CIVIC_ENGINEERING_CHAPTER_HISTORY_PARA_1"/>
			<Where Tag="LOC_PEDIA_TECHNOLOGIES_PAGE_TECH_ENGINEERING_CHAPTER_HISTORY_PARA_1"/>
		</Update>
		<Update>
			<Set Tag="LOC_PEDIA_CIVICS_PAGE_CIVIC_ENGINEERING_CHAPTER_HISTORY_PARA_2"/>
			<Where Tag="LOC_PEDIA_TECHNOLOGIES_PAGE_TECH_ENGINEERING_CHAPTER_HISTORY_PARA_2"/>
		</Update>
		<Update>
			<Set Tag="LOC_PEDIA_CIVICS_PAGE_CIVIC_ENGINEERING_CHAPTER_HISTORY_PARA_3"/>
			<Where Tag="LOC_PEDIA_TECHNOLOGIES_PAGE_TECH_ENGINEERING_CHAPTER_HISTORY_PARA_3"/>
		</Update>
		<Update>
			<Set Tag="LOC_PEDIA_CIVICS_PAGE_CIVIC_ENGINEERING_CHAPTER_HISTORY_PARA_4"/>
			<Where Tag="LOC_PEDIA_TECHNOLOGIES_PAGE_TECH_ENGINEERING_CHAPTER_HISTORY_PARA_4"/>
		</Update>
		<Update>
			<Set Tag="LOC_PEDIA_CIVICS_PAGE_CIVIC_CONSTRUCTION_CHAPTER_HISTORY_PARA_1"/>
			<Where Tag="LOC_PEDIA_TECHNOLOGIES_PAGE_TECH_CONSTRUCTION_CHAPTER_HISTORY_PARA_1"/>
		</Update>
		<Update>
			<Set Tag="LOC_PEDIA_CIVICS_PAGE_CIVIC_CONSTRUCTION_CHAPTER_HISTORY_PARA_2"/>
			<Where Tag="LOC_PEDIA_TECHNOLOGIES_PAGE_TECH_CONSTRUCTION_CHAPTER_HISTORY_PARA_2"/>
		</Update>
		<Update>
			<Set Tag="LOC_PEDIA_CIVICS_PAGE_CIVIC_CONSTRUCTION_CHAPTER_HISTORY_PARA_3"/>
			<Where Tag="LOC_PEDIA_TECHNOLOGIES_PAGE_TECH_CONSTRUCTION_CHAPTER_HISTORY_PARA_3"/>
		</Update>
		<Update>
			<Set Tag="LOC_PEDIA_CIVICS_PAGE_CIVIC_CONSTRUCTION_CHAPTER_HISTORY_PARA_4"/>
			<Where Tag="LOC_PEDIA_TECHNOLOGIES_PAGE_TECH_CONSTRUCTION_CHAPTER_HISTORY_PARA_4"/>
		</Update>
		<Update>
			<Set Tag="LOC_PEDIA_CIVICS_PAGE_CIVIC_CONSTRUCTION_CHAPTER_HISTORY_PARA_5"/>
			<Where Tag="LOC_PEDIA_TECHNOLOGIES_PAGE_TECH_CONSTRUCTION_CHAPTER_HISTORY_PARA_5"/>
		</Update>
		<Update>
			<Set Tag="LOC_PEDIA_CIVICS_PAGE_CIVIC_MACHINERY_CHAPTER_HISTORY_PARA_1"/>
			<Where Tag="LOC_PEDIA_TECHNOLOGIES_PAGE_TECH_MACHINERY_CHAPTER_HISTORY_PARA_1"/>
		</Update>
		<Update>
			<Set Tag="LOC_PEDIA_CIVICS_PAGE_CIVIC_MACHINERY_CHAPTER_HISTORY_PARA_2"/>
			<Where Tag="LOC_PEDIA_TECHNOLOGIES_PAGE_TECH_MACHINERY_CHAPTER_HISTORY_PARA_2"/>
		</Update>
		<Update>
			<Set Tag="LOC_PEDIA_CIVICS_PAGE_CIVIC_MACHINERY_CHAPTER_HISTORY_PARA_3"/>
			<Where Tag="LOC_PEDIA_TECHNOLOGIES_PAGE_TECH_MACHINERY_CHAPTER_HISTORY_PARA_3"/>
		</Update>
		<Update>
			<Set Tag="LOC_PEDIA_CIVICS_PAGE_CIVIC_MACHINERY_CHAPTER_HISTORY_PARA_4"/>
			<Where Tag="LOC_PEDIA_TECHNOLOGIES_PAGE_TECH_MACHINERY_CHAPTER_HISTORY_PARA_4"/>
		</Update>
		<Update>
			<Set Tag="LOC_PEDIA_CIVICS_PAGE_CIVIC_PRINTING_CHAPTER_HISTORY_PARA_1"/>
			<Where Tag="LOC_PEDIA_TECHNOLOGIES_PAGE_TECH_PRINTING_CHAPTER_HISTORY_PARA_1"/>
		</Update>
		<Update>
			<Set Tag="LOC_PEDIA_CIVICS_PAGE_CIVIC_PRINTING_CHAPTER_HISTORY_PARA_2"/>
			<Where Tag="LOC_PEDIA_TECHNOLOGIES_PAGE_TECH_PRINTING_CHAPTER_HISTORY_PARA_2"/>
		</Update>
		<Update>
			<Set Tag="LOC_PEDIA_CIVICS_PAGE_CIVIC_PRINTING_CHAPTER_HISTORY_PARA_3"/>
			<Where Tag="LOC_PEDIA_TECHNOLOGIES_PAGE_TECH_PRINTING_CHAPTER_HISTORY_PARA_3"/>
		</Update>
		<Update>
			<Set Tag="LOC_PEDIA_CIVICS_PAGE_CIVIC_PRINTING_CHAPTER_HISTORY_PARA_4"/>
			<Where Tag="LOC_PEDIA_TECHNOLOGIES_PAGE_TECH_PRINTING_CHAPTER_HISTORY_PARA_4"/>
		</Update>
		<Update>
			<Set Tag="LOC_PEDIA_CIVICS_PAGE_CIVIC_BANKING_CHAPTER_HISTORY_PARA_1"/>
			<Where Tag="LOC_PEDIA_TECHNOLOGIES_PAGE_TECH_BANKING_CHAPTER_HISTORY_PARA_1"/>
		</Update>
		<Update>
			<Set Tag="LOC_PEDIA_CIVICS_PAGE_CIVIC_BANKING_CHAPTER_HISTORY_PARA_2"/>
			<Where Tag="LOC_PEDIA_TECHNOLOGIES_PAGE_TECH_BANKING_CHAPTER_HISTORY_PARA_2"/>
		</Update>
		<Update>
			<Set Tag="LOC_PEDIA_CIVICS_PAGE_CIVIC_BANKING_CHAPTER_HISTORY_PARA_3"/>
			<Where Tag="LOC_PEDIA_TECHNOLOGIES_PAGE_TECH_BANKING_CHAPTER_HISTORY_PARA_3"/>
		</Update>
		<Update>
			<Set Tag="LOC_PEDIA_CIVICS_PAGE_CIVIC_BANKING_CHAPTER_HISTORY_PARA_4"/>
			<Where Tag="LOC_PEDIA_TECHNOLOGIES_PAGE_TECH_BANKING_CHAPTER_HISTORY_PARA_4"/>
		</Update>
		<Update>
			<Set Tag="LOC_PEDIA_CIVICS_PAGE_CIVIC_ASTRONOMY_CHAPTER_HISTORY_PARA_1"/>
			<Where Tag="LOC_PEDIA_TECHNOLOGIES_PAGE_TECH_ASTRONOMY_CHAPTER_HISTORY_PARA_1"/>
		</Update>
	</LocalizedText>
	<EnglishText>
		<!-- This is a bit of a kludge to deal with the fact that our loc tool doesn't like duplicate keys between main DLC and scenario. -->
		<!-- The following strings are prefixed with a unique scenario key then later renamed. -->
		<Row Tag="LOC_PEDIA_CIVILIZATIONS_PAGE_CIVILIZATION_INDONESIA_CHAPTER_HISTORY_PARA_1_SCENARIO">
			<Text>Raden Wijaya, the first king of the Majapahit, would fuse Buddhism and Hinduism into the state religion at the tail-end of the Thirteenth Century, with gods coexisting side-by-side—with Buddhism being subordinate to Hinduism.</Text>
		</Row>
		<Row Tag="LOC_PEDIA_CIVILIZATIONS_PAGE_CIVILIZATION_INDONESIA_CHAPTER_HISTORY_PARA_2_SCENARIO">
			<Text>Still, the Buddhist and Hindu adherents had their own strictly-defined communities, and Majapahit law forbade evangelism and conversion. Meanwhile, in the far-flung mountains and villages, practitioners of ancient, indigenous faiths were allowed to conduct their rituals without interruption (without being seen as threats to the state religion). In this way, the king avoided any pesky conflicts with local rulers who might have been anxious about their new leaders looking to replace their gods.</Text>
		</Row>
		<Row Tag="LOC_PEDIA_CIVILIZATIONS_PAGE_CIVILIZATION_INDONESIA_CHAPTER_HISTORY_PARA_3_SCENARIO">
			<Text>This dualism allowed a smooth transition from the Buddhist Singasari reign while also allowing the Majapahit to use their own Hindu rituals to consecrate the king's rule.</Text>
		</Row>
		<Row Tag="LOC_PEDIA_CIVILIZATIONS_PAGE_CIVILIZATION_KHMER_CHAPTER_HISTORY_PARA_1_SCENARIO">
			<Text>Upon coming to power in 802 CE, Jayavarman II would declare himself 'Cakravartin' or 'universal ruler.' For the average conqueror/would-be king, that wouldn't be a simple feat, but Jayavarman II had the cult of the devaraja on his side, and he would install them into the state apparatus of his kingdom once assuming power.</Text>
		</Row>
		<Row Tag="LOC_PEDIA_CIVILIZATIONS_PAGE_CIVILIZATION_KHMER_CHAPTER_HISTORY_PARA_2_SCENARIO">
			<Text>The devaraja cult, whose name means "God-king," was a matrilineal sect devoted to Shiva and was used to coronate rulers throughout the history of the Angkorian kings.</Text>
		</Row>
		<Row Tag="LOC_PEDIA_CIVILIZATIONS_PAGE_CIVILIZATION_KHMER_CHAPTER_HISTORY_PARA_3_SCENARIO">
			<Text>The line of the devaraja would continue through Sivakaivalya, the priest who took his instructions from the holy man performed the king's inauguration ceremony. So important was the continuity of the devaraja and their practices, that when the king moved his capital, the cult (along with Sivakaivalya's entire family) was transported with it.</Text>
		</Row>

		<!-- Units -->
		<Row Tag="LOC_PEDIA_UNITS_PAGE_UNIT_GURU_CHAPTER_HISTORY_PARA_1">
			<Text>"Guru" is a Sanskrit term that denotes a master and teacher in a given field, typically religion and its instruction. Gurus are important in Hinduism, Jainism, some branches of Buddhism, and most especially in Sikhism, whose founder is Guru Nanak. A proper relationship between the guru and student is considered critical guiding students in these religions, though the methods by which the guru instructs the student vary between traditions. But all these make clear the guru is more than just a teacher, but a font of spiritual wisdom and sacred instruction.</Text>
		</Row>
		<Row Tag="LOC_PEDIA_UNITS_PAGE_UNIT_MONK_CHAPTER_HISTORY_PARA_1">
			<Text>A monk is a religious practitioner who has renounced the secular world in order to live an ascetic life of prayer and spiritual devotion. Many religious traditions, including Christianity, Buddhism, and Jainism, have monastic traditions as part of their faith. Some monastic orders withdraw almost entirely from the world, while others are renowned for their service to the community around them. Monks often wear special clothing indicating their separation from worldly affairs.</Text>
		</Row>
		<Row Tag="LOC_PEDIA_UNITS_PAGE_UNIT_PRIEST_CHAPTER_HISTORY_PARA_1">
			<Text>A priest is a religious leader, often one who has undergone special preparation for their role.  The term is derived from the Latin "presbyter," meaning "elder," but is generally recognized to encompass the role played in many religions today and throughout history. The job of priest may be one of the oldest human occupations, appearing in the archaeological and cultural record almost contemporaneously with the development of agriculture. Priests are called upon to serve as intermediaries between people and their deity, offer sacrifice, and provide rituals marking critical life events. A priest may observe special obligations and restrictions as part of their role, or receive their title in addition to their role in society.</Text>
		</Row>
		<Row Tag="LOC_PEDIA_UNITS_PAGE_UNIT_MISSIONARY_CHAPTER_HISTORY_PARA_1">
			<Text>A missionary is a person who feels called to spread their religion and convert non-believers to it. This process is called proselytization, and may be accompanied by charitable works on behalf of the prospective believers--or more forceful methods. Missionaries may be anointed religious, such as priests, or dedicated lay persons in the faith. Missionaries sometimes provide insight into the pre-contact cultures they reach out to, including documenting beliefs, rituals, and language, although often with the intent of replacing these with their preferred belief.</Text>
		</Row>
		<!-- Civs -->
		<Row Tag="LOC_PEDIA_CIVILIZATIONS_PAGE_CIVILIZATION_CHINA_CHAPTER_HISTORY_PARA_1">
			<Text>China under the Song Dynasty was a period of extensive growth, with the population doubling in size in the Tenth and Eleventh Centuries CE. China's reach was so great during this period, that it would maintain a client-state relationship with far-flung kingdoms like Khotan and Dali along the Silk Road.</Text>
		</Row>
		<Row Tag="LOC_PEDIA_CIVILIZATIONS_PAGE_CIVILIZATION_CHINA_CHAPTER_HISTORY_PARA_2">
			<Text>Luckily for the Muslims, Jews, and Manicheans of those regions, China was experiencing a period of largely tolerant Buddhism. Moveable press made the dissemination of literature on religion and spirituality popular, while monks traveled from China to India to study and bring back their learnings.</Text>
		</Row>
		<Row Tag="LOC_PEDIA_CIVILIZATIONS_PAGE_CIVILIZATION_CHINA_CHAPTER_HISTORY_PARA_3">
			<Text>In Northern Song, the massive Buddhist pagodas were intended to be the first thing a traveler would see. Prominent among these was Youguo Temple Iron Pagoda, or the 'Iron Pagoda' constructed in 1049 under Emperor Renzong.</Text>
		</Row>
		<Row Tag="LOC_PEDIA_CIVILIZATIONS_PAGE_CIVILIZATION_CHOLA_CHAPTER_HISTORY_PARA_1">
			<Text>The Tamil Dynasty of the Cholas were primarily Shaivite Hindus, during their extensive reign between the Third Century BCE and the Thirteenth Century CE. They were known throughout Southern India for the construction of temples dedicated to Shiva and his family. As they would expand their empire, the Cholas would build temples and spread the worship of Shiva while still tolerating other Indian religions.</Text>
		</Row>
		<Row Tag="LOC_PEDIA_CIVILIZATIONS_PAGE_CIVILIZATION_CHOLA_CHAPTER_HISTORY_PARA_2">
			<Text>Which is possibly why, in 1133, Vishnevite apostle Ramanachooloo thought it would be safe to spread the good word about Vishnu. However, the then-Raja of Chola had other ideas: declaring that all of his subjects make a confession of faith to Shiva.</Text>
		</Row>
		<Row Tag="LOC_PEDIA_CIVILIZATIONS_PAGE_CIVILIZATION_CHOLA_CHAPTER_HISTORY_PARA_3">
			<Text>Ramanachooloo would flee to Mysoor, where he would convert the raja, who would in turn change his name to Vishnoo Verdana to mark his conversion.</Text>
		</Row>
		<Row Tag="LOC_PEDIA_CIVILIZATIONS_PAGE_CIVILIZATION_GHAZNAVID_CHAPTER_HISTORY_PARA_1">
			<Text>This Muslim dynasty would regularly send its Turkic soldiers on campaigns into India, much to the detriment of the Jains, Hindus, and other non-Muslim religions in the region at the time.</Text>
		</Row>
		<Row Tag="LOC_PEDIA_CIVILIZATIONS_PAGE_CIVILIZATION_GHAZNAVID_CHAPTER_HISTORY_PARA_2">
			<Text>In the Eleventh Century, Ghaznavid chronicler Abu Nasr al-Utbi would write that the Sultan would embark on his mission to India to clear out all of those pesky, foreign idols and bring Islam to India.</Text>
		</Row>
		<Row Tag="LOC_PEDIA_CIVILIZATIONS_PAGE_CIVILIZATION_GHAZNAVID_CHAPTER_HISTORY_PARA_3">
			<Text>A century earlier, Mahmud of Ghazni would take a different tack (with a more complicated relationship with Indian Hindus). Ruling from 998 until his death in 1030, Mahmud was known to show a more tolerant hand toward foreign religions, employing Hindu vassals to rule conquered Indian territories. </Text>
		</Row>
		<Row Tag="LOC_PEDIA_CIVILIZATIONS_PAGE_CIVILIZATION_GHAZNAVID_CHAPTER_HISTORY_PARA_4">
			<Text>'Tolerant' doesn't mean gentle, however. Mahmud would invade India 17 times, and in 1027, he would ultimately plunder the Somnath Temple, killing 5,000 Hindus in battle.</Text>
		</Row>
		<Row Tag="LOC_PEDIA_CIVILIZATIONS_PAGE_CIVILIZATION_PALA_CHAPTER_HISTORY_PARA_1">
			<Text>Between the start of their dynasty in 750 CE and decline four centuries later, the Pala Dynasty distinguished themselves patrons of Buddhism in the region. It was the kind of patronage which would allow Mahayana Buddhism to emerge throughout Southeast Asia in the second half of the first millennium.</Text>
		</Row>
		<Row Tag="LOC_PEDIA_CIVILIZATIONS_PAGE_CIVILIZATION_PALA_CHAPTER_HISTORY_PARA_2">
			<Text>And much of that influence came from their support for the monk Atisha (or Atiśa). Born in 982 under the name Candragarbhaa, he was member of the royal family.</Text>
		</Row>
		<Row Tag="LOC_PEDIA_CIVILIZATIONS_PAGE_CIVILIZATION_PALA_CHAPTER_HISTORY_PARA_3">
			<Text>As a monk, he would travel to the kingdom of Srivijaya, starting in 1013,  where he would study for 12 years (likely returning to India in 1025 to avoid the political tumult starting to kick up in Srivijaya at the time).</Text>
		</Row>
		<Row Tag="LOC_PEDIA_CIVILIZATIONS_PAGE_CIVILIZATION_PALA_CHAPTER_HISTORY_PARA_4">
			<Text>His travels (and his family's influence) are best known for his time in Tibet, where he would distinguish himself among the locals and reintroduce them to Mahayana Buddhism.</Text>
		</Row>
		<Row Tag="LOC_PEDIA_CIVILIZATIONS_PAGE_CIVILIZATION_TUFAN_CHAPTER_HISTORY_PARA_1">
			<Text>After the Uyghur took Tufan from the Tibetans in 803, they would maintain they entwine it with their national identity, making the religion the faith of the state. For a time.</Text>
		</Row>
		<Row Tag="LOC_PEDIA_CIVILIZATIONS_PAGE_CIVILIZATION_TUFAN_CHAPTER_HISTORY_PARA_2">
			<Text>Buddhism would still hold sway, thanks to the nearby influence of China as well as Tufan's location along the path of the Silk Road, but it was the presence of Muslims among their Mongol neighbors who would help dramatically change the religious identity of the Uyghurs and Tufan.</Text>
		</Row>
		<Row Tag="LOC_PEDIA_CIVILIZATIONS_PAGE_CIVILIZATION_TUFAN_CHAPTER_HISTORY_PARA_3">
			<Text>By the Tenth Century conquerors like Sultan Boghra Khan (or Satuq Bughra Khan Gazi) of Kashgar would be eying Tufan, and he would wage a one year war of conversion in the direction neighboring Khitay.</Text>
		</Row>
		<Row Tag="LOC_PEDIA_CIVILIZATIONS_PAGE_CIVILIZATION_TUFAN_CHAPTER_HISTORY_PARA_4">
			<Text>By the time of the Yuan Dynasty (between the 1260-1368), the conversion would be complete; members of the Muslim community were (relatively) integrated throughout the region in peace, even serving in the Chinese court.</Text>
		</Row>
		<!-- City States -->
		<Row Tag="LOC_PEDIA_CITYSTATES_PAGE_CIVILIZATION_DALI_CHAPTER_HISTORY_PARA_1">
			<Text>The people of the mountainous Dali Kingdom would inherit Tantric Buddhism from the nearby Tang Dynasty. Between 937 and 1253 CE, using their stewardship of the Southern Silk Road to maintain and spread Buddhism throughout the region.</Text>
		</Row>
		<Row Tag="LOC_PEDIA_CITYSTATES_PAGE_CIVILIZATION_DELHI_CHAPTER_HISTORY_PARA_1">
			<Text>This ancient city, sometimes said to be over 3500 years old, would play hosts to numerous faiths including Zoroastrianism, Buddhism, Hinduism, and Islam. However, it would also endure purges, such as during the so-called 'Slave Dynasty' of Sultan Qutb-ud-din Aybak, who would dramatically expand mosque construction while ordering 27 Jain temples be destroyed. </Text>
		</Row>
		<Row Tag="LOC_PEDIA_CITYSTATES_PAGE_CIVILIZATION_GAOCHANG_CHAPTER_HISTORY_PARA_1">
			<Text>During the Ninth Century, Gaochang would become home to the Turkic Uyghur. Their oasis in the desert would attract all, including practitioners of Buddhism, Manichaeism, and Nestorian Christianity. However, when  the Uyghur settled in, they would convert to Buddhism and begin constructing temples during the Kingdom of Qocho.</Text>
		</Row>
		<Row Tag="LOC_PEDIA_CITYSTATES_PAGE_CIVILIZATION_GOA_CHAPTER_HISTORY_PARA_1">
			<Text>With the encouragement of local Hindu leaders, Islam would come to Goa via Arab merchants in the Eleventh Century. This tolerance wouldn't last; by the Thirteenth Century, Islamic conquerors from Delhi would import a stricter form of their faith, and within a century, it would be the only sanctioned religion. </Text>
		</Row>
		<Row Tag="LOC_PEDIA_CITYSTATES_PAGE_CIVILIZATION_HEIAN_CHAPTER_HISTORY_PARA_1">
			<Text>Three major exports would arrive from China during this period: tea, and two competing flavors of Buddhism. The egalitarian Tendai Buddhism would be (literally) enshrined at the Enryaku-ji temple, while Shingon Buddhism would be embraced by the imperial court, joining the state and faith.</Text>
		</Row>
		<Row Tag="LOC_PEDIA_CITYSTATES_PAGE_CIVILIZATION_KAESONG_CHAPTER_HISTORY_PARA_1">
			<Text>During his reign (918-943), Wang Geon would be a vigorous patron of Buddhism in Kaesong, ordering the construction of 10 monasteries in the new capital of Gaegyeong. Not to be outdone, his successors would build 70 monastaries and 80,000 woodblock carvings amassing the complete Buddhist texts.</Text>
		</Row>
		<Row Tag="LOC_PEDIA_CITYSTATES_PAGE_CIVILIZATION_KASHGAR_CHAPTER_HISTORY_PARA_1">
			<Text>The oasis home of Kashgar's Uyghurs was a hub on the Silk Road, making it a cultural, social, and economic destination for traders throughout the region. The downside was all the pesky would-be conquerors, including Muslim invaders who attempted a series of invasions across three centuries starting in 711 CE.</Text>
		</Row>
		<Row Tag="LOC_PEDIA_CITYSTATES_PAGE_CIVILIZATION_KHOTAN_CHAPTER_HISTORY_PARA_1">
			<Text>In its pre-Islamic history, Khotan was long a Buddhist ally of the Chinese, with the elite of the two nations intermarrying. However, by 1000 CE, Khotan would succumb to a bloody back and forth war with Kashgar and come under the Islamic rule of Yusuf Kadir.</Text>
		</Row>
		<Row Tag="LOC_PEDIA_CITYSTATES_PAGE_CIVILIZATION_KUCHA_CHAPTER_HISTORY_PARA_1">
			<Text>The Uyghur rulers of Kucha maintained strong diplomatic and religious ties to their Chinese neighbors during the Song Dynasty. This relationship would endure under the conqueror Sultans of Karakanid in the Eleventh Century, who were said to send jade Buddha statues to the Chinese in 1072 and 1096.</Text>
		</Row>
		<Row Tag="LOC_PEDIA_CITYSTATES_PAGE_CIVILIZATION_LAMPHUN_CHAPTER_HISTORY_PARA_1">
			<Text>Legend says when the Buddhist kings of Lamphun and Lop Buri went to war in 1130 and 1150, both agreed to a 'dhammayuddha,' holy construction in lieu of combat around Wat Jam Thewi. The legends may have some truth to them— evidence of these shrines exist at the site today.</Text>
		</Row>
		<Row Tag="LOC_PEDIA_CITYSTATES_PAGE_CIVILIZATION_LAMURI_CHAPTER_HISTORY_PARA_1">
			<Text>This kingdom has a tangled and somewhat unclear record between the Tenth and Eleventh centuries. Indian and Arabic traders from the time say it was a sovereign sultanate, which would later come under the influence of the Mahayana Buddhist Srivijaya.</Text>
		</Row>
		<Row Tag="LOC_PEDIA_CITYSTATES_PAGE_CIVILIZATION_MALABANG_CHAPTER_HISTORY_PARA_1">
			<Text>Among the groups who called pre-colonial Malabang home were the Maranaos. This tribe of lake people trace their Muslim identity back to Sultan Shariff Muhammed Kabunsuwan of Maguindanao, who would bring Islam from Johore in 1475 to what would become the Philippines.</Text>
		</Row>
		<Row Tag="LOC_PEDIA_CITYSTATES_PAGE_CIVILIZATION_PAGAN_CHAPTER_HISTORY_PARA_1">
			<Text>After uniting Burma, King Anawrahta would deport the captured Mon of Thaton to the Pagan Kingdom in 1057—unwittingly bringing Mon Buddhism to a receptive populace, where it would flourish until the final Mongolian invasions of 1301.</Text>
		</Row>
		<Row Tag="LOC_PEDIA_CITYSTATES_PAGE_CIVILIZATION_PALEMBANG_CHAPTER_HISTORY_PARA_1">
			<Text>In 671, Chinese Buddhist monk Yijing was taken with Palembang-style Buddhism, later noting that it was almost identical to the style practiced in India. Yijing would advise future Chinese pilgrims to visit Srivijaya to learn the proper practices before traveling to India.</Text>
		</Row>
		<Row Tag="LOC_PEDIA_CITYSTATES_PAGE_CIVILIZATION_SAMARKAND_CHAPTER_HISTORY_PARA_1">
			<Text>Since the Eighth Century CE, Samarkand was one of the Metropolitan Sees of Nestorian Christians. Such were the roots of Christianity in the region that Algigidai, one of Genghis Khans successors, is said to have converted and permitted Catholicism during his reign.</Text>
		</Row>
		<Row Tag="LOC_PEDIA_CITYSTATES_PAGE_CIVILIZATION_SOMNATH_CHAPTER_HISTORY_PARA_1">
			<Text>We know more about the numerous attempts to obliterate the Shaivite temple at Somnath than we do about its construction. By 1027 CE, the second temple would be obliterated by Ghaznavid Sultan Mahmud, setting the stage for another reconstruction in 1169.</Text>
		</Row>
		<Row Tag="LOC_PEDIA_CITYSTATES_PAGE_CIVILIZATION_THANG_LONG_CHAPTER_HISTORY_PARA_1">
			<Text>When Lý Thái Tổ made Thăng Long the new capital of Vietnam, he would also install Buddhism as the state religion. Such was his devotion that he encouraged citizens to be ordained Buddhist priests, and in 1016, at least 1,000 did just that in the capital city alone.</Text>
		</Row>
		<Row Tag="LOC_PEDIA_CITYSTATES_PAGE_CIVILIZATION_TEMASEK_CHAPTER_HISTORY_PARA_1">
			<Text>Temasek fall under the sway of several rulers (and their religions). The Majapahit and Siam took control of the region in succession, bringing Buddhism with them. 'Malay Annals' tells us that in 1409, King Paramesvara would take control, converting to Islam, and the Malay peninsula with him.</Text>
		</Row>
		<Row Tag="LOC_PEDIA_CITYSTATES_PAGE_CIVILIZATION_TONDO_CHAPTER_HISTORY_PARA_1">
			<Text>Hinduism and Buddhism made their way to Tondo as early as 900 CE. At least, that's the date of the earliest written evidence, the Laguna Copperplate, which referenced a Buddhist-Hindu lunar calendar. Both would later be displaced by Islam in the Fourteenth Century.</Text>
		</Row>
		<Row Tag="LOC_PEDIA_CITYSTATES_PAGE_CIVILIZATION_TURPAN_CHAPTER_HISTORY_PARA_1">
			<Text>After conquering Turpan in 762 CE, the Uyghurs would be so impressed with Manichean missionaries that they would declare Manicheanism the official religion—the first and only time a state would do so in history.</Text>
		</Row>
		<Row Tag="LOC_PEDIA_CITYSTATES_PAGE_CIVILIZATION_UJJAIN_CHAPTER_HISTORY_PARA_1">
			<Text>Prior to the 1235 CE sacking of the city by the Delhi Sultanate, Ujjain was long considered a significant Hindu site. So significant, that some believed that when the gods fought over a container of immortality, a drop fell on Ujjain, sanctifying the city.</Text>
		</Row>
		<Row Tag="LOC_PEDIA_CITYSTATES_PAGE_CIVILIZATION_VIJAYA_CHAPTER_HISTORY_PARA_1">
			<Text>By the end of the Twelfth Century CE, Vijaya was a political and cultural hub, making the Hindu Cham polity an attractive target for the newly-crowned Khmer King Jayavarman VII. By the first decade of the 1200s, Vijaya would fall under the Mahayana Buddhist influence of the Khmer. </Text>
		</Row>
		<Row Tag="LOC_PEDIA_CITYSTATES_PAGE_CIVILIZATION_XINGQING_CHAPTER_HISTORY_PARA_1">
			<Text>The Tangut people would have made up the population of Xingqing Prefecture, the center of Western Xia (that is, before it was sacked by the Mongols in 1227). While likely influenced by the Buddhism of their Song neighbors, they maintained their own shamanist practices.</Text>
		</Row>
		<Row Tag="LOC_PEDIA_CITYSTATES_PAGE_CIVILIZATION_ZHONGJING_CHAPTER_HISTORY_PARA_1">
			<Text>The 1189 construction of the White Pagoda in Zhongjing was not only a Buddhist monument, but some of its construction elements, such as the addition of White-robe wearing Guayin imagery, may indicate that shamanism—and the desire for household gods—may have guided the construction.</Text>
		</Row>
		<Row Tag="LOC_PEDIA_CITYSTATES_PAGE_CIVILIZATION_BANDAR_BRUNEI_CHAPTER_HISTORY_PARA_1">
			<Text>Bandar Brunei is the capital city of the Sultanate of Brunei, located on the island of Borneo, and settled as early as the 7th century as a Malay port. The Sultanate reached the peak of its power in the 14th and 15th centuries.</Text>
		</Row>
		<!-- Govts/Policies -->
		<Row Tag="LOC_PEDIA_GOVERNMENTS_PAGE_POLICY_QUECHANG_CHAPTER_HISTORY_PARA_1">
			<Text>The quechang or "controlled trade site" was an Imperial Chinese area where all international trade was required to pass, in order to be subjected to trade control and taxed. They first appeared during the Jin dynasty in 1142, and the most important were located along water routes and main overland trade routes. However despite the government effort to route all international trade through these centers, there was strong incentive to find more flexible arrangements between informal agents, especially ones not interested in paying taxes (read: Smugglers.)</Text>
		</Row>
		<Row Tag="LOC_PEDIA_GOVERNMENTS_PAGE_POLICY_NOBLE_PATH_CHAPTER_HISTORY_PARA_1">
			<Text>The Noble Path or the Eightfold Path is a formulation of the Buddhist path of enlightenment set down by Siddhartha Gautama, as a middle way between the extremes of asceticism and hedonistic indulgence. These are generally understood as qualities that an enlightened individual will understand intellectually and exhibit in their behavior: Correct view, correct intention, correct speech, correct action, correct livelihood, correct effort, correct mindfulness, and correct concentration.</Text>
		</Row>
		<Row Tag="LOC_PEDIA_GOVERNMENTS_PAGE_POLICY_JUNK_CHAPTER_HISTORY_PARA_1">
			<Text>The Junk is any one of a number of traditional Chinese seagoing ship with recognizable and common design features: Full-battened square sails, high sterncastles, a flat bottom, and massive rudders which also serve as keels. Junks were some of the first vessels to feature partitioned and watertight holds, which contributed to their great hull strength. The term may derive from the Portuguese "junco," or the Malay "jong," which is a dialectal variation of the Chinese "chuan."</Text>
		</Row>
		<Row Tag="LOC_PEDIA_GOVERNMENTS_PAGE_POLICY_DEVOTION_CHAPTER_HISTORY_PARA_1">
			<Text>Devotion is the act of observance of a religion, and may describe both individuals and cultures.  A devoted culture uses its religious practices as part of its identity, binding people together in some greater common cause. Although the applications of this religious devotion may be aimed at higher ideals,  there are nonetheless practical, worldly advantages in a unified people.</Text>
		</Row>
		<Row Tag="LOC_PEDIA_GOVERNMENTS_PAGE_GOVERNMENT_THALASSOCRACY_CHAPTER_HISTORY_PARA_1">
			<Text>A Thalassocracy is a political organization which relies on the power of its navy to maintain control. The Greeks first used the term to refer to the Minoans, who controlled the area around the Aegean Sea by virtue of their many trading and warships. A thalassocracy can be governed internally by almost any system--be it a monarch or an oligarchy or squabbling mercantile guilds--but its relations to the rest of the world are defined almost entirely in terms of naval power and control. They are not necessarily as trade- and commerce-focused as a Merchant Republic, and some thalassocracies have been quite predatory in their dealing with others.</Text>
		</Row>
		<Row Tag="LOC_PEDIA_GOVERNMENTS_PAGE_GOVERNMENT_THALASSOCRACY_CHAPTER_HISTORY_PARA_2">
			<Text>The Majapahit Empire of Indonesia was a major thalassocratic power which controlled the spice trade and routes between India and China. Both the Portuguese and Dutch were major thalassocracies of Europe, exerting political power beyond their geographic size by virtue of their navies. As the modern age progressed, naval treaties constrained the size of once-mighty navies (which were rapidly becoming unaffordable anyway). As colonialism waned, so too did the requirements to project and sustain power from the government, and the thalassocracies passed into history. </Text>
		</Row>
		<Row Tag="LOC_PEDIA_CIVICS_PAGE_CIVIC_COMPASS_CHAPTER_HISTORY_PARA_1">
			<Text>While the ancient lore of sailors may contain nuggets of practical navigation, nothing can substitute for the certainty of a simple, well-made device that reliably provides you with the ship’s heading.</Text>
		</Row>
		<Row Tag="LOC_PEDIA_CIVICS_PAGE_CIVIC_PAPERMAKING_CHAPTER_HISTORY_PARA_1">
			<Text>Paper has a number of advantages over other writing media. It is lighter than a clay tablet, more durable than papyrus, and cheaper to manufacture than linen or parchment. It can also, in an emergency, be eaten by a student’s dog.</Text>
		</Row>
		<Row Tag="LOC_PEDIA_GOVERNMENTS_PAGE_POLICY_LIBERALISM_CHAPTER_HISTORY_PARA_1">
			<Text>Charity can refer to the deep love for the Divinity and humanity, as well as compassionate acts performed in the world (such as distributing alms and bread to the needy). These compassionate acts are usually seen as being external reflections of that deep, divine love, and many religions give charity a place of great honor. </Text>
		</Row>
		<!-- Promotions -->
		<Row Tag="LOC_PEDIA_UNITPROMOTIONS_PAGE_PROMOTION_SANGHA_CHAPTER_HISTORY_PARA_1">
			<Text>A sangha is a Buddhist monastic order, traditionally composed of nuns, monks, laywomen, and laymen and supported by alms from the community. </Text>
		</Row>
		<Row Tag="LOC_PEDIA_UNITPROMOTIONS_PAGE_PROMOTION_PRACTITIONER_CHAPTER_HISTORY_PARA_1">
			<Text>A practitioner is one who follows a religion, and the title is sometimes reserved for those with special instruction in the faith.</Text>
		</Row>
		<Row Tag="LOC_PEDIA_UNITPROMOTIONS_PAGE_PROMOTION_ALCHEMIST_CHAPTER_HISTORY_PARA_1">
			<Text>Alchemy is an ancient discipline, often incorporating esoteric or mystical elements and practices. These provide fascinating insight into the practitioners, but are less helpful in describing how chemistry works.</Text>
		</Row>
		<Row Tag="LOC_PEDIA_UNITPROMOTIONS_PAGE_PROMOTION_GUIDE_CHAPTER_HISTORY_PARA_1">
			<Text>Even the most pious practitioner can benefit from having an outside guide providing advice to create a richer internal life of prayer and meditation.</Text>
		</Row>
		<Row Tag="LOC_PEDIA_UNITPROMOTIONS_PAGE_PROMOTION_MASTER_CHAPTER_HISTORY_PARA_1">
			<Text>There are individuals whose achievements in faith make them shining exemplars to all the faithful. To these, we give the title "Master."</Text>
		</Row>
		<Row Tag="LOC_PEDIA_UNITPROMOTIONS_PAGE_PROMOTION_SAGE_CHAPTER_HISTORY_PARA_1">
			<Text>A sage is an individual whose depth and breadth of learning far surpasses the ordinary, making them a living library of knowledge and wisdom.</Text>
		</Row>
		<Row Tag="LOC_PEDIA_UNITPROMOTIONS_PAGE_PROMOTION_TEACHER_CHAPTER_HISTORY_PARA_1">
			<Text>As faith must be learned, the act of teaching is one of great significance, for it is only through teaching that new members of the faith are brought to salvation. </Text>
		</Row>
		<Row Tag="LOC_PEDIA_UNITPROMOTIONS_PAGE_PROMOTION_INTERPRETER_CHAPTER_HISTORY_PARA_1">
			<Text>Missionaries are sometimes the first individuals to make prolonged contact with a new civilization, and so take it upon themselves to learn a new language so as to better share the faith in daily practice.</Text>
		</Row>
		<Row Tag="LOC_PEDIA_UNITPROMOTIONS_PAGE_PROMOTION_PROPAGATOR_CHAPTER_HISTORY_PARA_1">
			<Text>A missionary may specialize in sharing, or propagating, the faith with new people, either through broadly distributing scripture or preaching to the masses, sometimes resulting is the conversion of multitudes at once.</Text>
		</Row>
		<Row Tag="LOC_PEDIA_UNITPROMOTIONS_PAGE_PROMOTION_TRAVELER_CHAPTER_HISTORY_PARA_1">
			<Text>Some missionaries feel called to share the faith with civilizations far from home, leaving everything behind and embarking on epic voyages beset by many perils, with their sacrifice honored by those who share their beliefs. </Text>
		</Row>
		<Row Tag="LOC_PEDIA_UNITPROMOTIONS_PAGE_PROMOTION_WALK_ON_WATER_CHAPTER_HISTORY_PARA_1">
			<Text>There are those whose zeal to share the faith cannot be constrained by physical obstacles. If confronted by mountains, they will pass them; if facing deep oceans, they will not shirk to proceed. </Text>
		</Row>
		<Row Tag="LOC_PEDIA_UNITPROMOTIONS_PAGE_PROMOTION_PROSELYTIZER_CHAPTER_HISTORY_PARA_1">
			<Text>Some orders of monks are renowned preachers, capable of explaining the faith to poorest peasant and greatest emperor alike.</Text>
		</Row>
		<Row Tag="LOC_PEDIA_UNITPROMOTIONS_PAGE_PROMOTION_TRANSLATOR_CHAPTER_HISTORY_PARA_1">
			<Text>Those who keep libraries of sacred texts in many tongues have a special responsibility to see to the preservation and spread of the ideas within those texts, and it is here that a faculty with languages is most valued.</Text>
		</Row>
		<Row Tag="LOC_PEDIA_GOVERNMENTS_PAGEGROUP_MILITARY_POLICIES_NAME">
			<Text>Religious Policies</Text>
		</Row>
		<Row Tag="LOC_PEDIA_UNITPROMOTIONS_PAGE_PROMOTION_DEBATER_CHAPTER_HISTORY_PARA_1">
			<Text>Theological questions must be subjected to robust inquiry, if the faithful are not to be corrupted by heretical ideas. Is not the debating of theology is a proper job for the priest?</Text>
		</Row>
		<Row Tag="LOC_PEDIA_UNITPROMOTIONS_PAGE_PROMOTION_GARRISON_CHAPTER_HISTORY_PARA_1">
			<Text>The defense of realms and the defense of faiths have often been linked in the person of priests serving as military chaplains, or members of militant orders.</Text>
		</Row>
		<Row Tag="LOC_PEDIA_UNITPROMOTIONS_PAGE_PROMOTION_ORATOR_CHAPTER_HISTORY_PARA_1">
			<Text>The arts of rhetoric are not practiced solely in secular domains. In matters of faith, skillful rhetoric is not only pleasing to the listener, but pleasing to deities as well. </Text>
		</Row>
		<!-- Religions -->
		<Row Tag="LOC_PEDIA_RELIGIONS_PAGE_RELIGION_CUSTOM_1_CHAPTER_HISTORY_PARA_1">
			<Text>Shaivism is the organized worship of the god Shiva as the supreme diety, and is today one of the major branches of Hinduism. It organized in India between the 2nd century BCE and 2nd century CE with the Pashupata sect, and from there spread throughout Southeast Asia.</Text>
		</Row>
		<Row Tag="LOC_PEDIA_RELIGIONS_PAGE_RELIGION_CUSTOM_2_CHAPTER_HISTORY_PARA_1">
			<Text>Dharma was a concept present in traditional Vedic religion, and evolved over time until, in Hinduism, it became the organizing principle of humanity. It consists of rules and customs governing behavior, rituals, laws, and ethics in society. Conforming to dharma means to pursue one's true purpose in life.</Text>
		</Row>
		<Row Tag="LOC_PEDIA_RELIGIONS_PAGE_RELIGION_CUSTOM_3_CHAPTER_HISTORY_PARA_1">
			<Text>Thereavada, or "Way of the Elders" is a branch of Buddhism with the Pali Canon (Buddhism's oldest and most complete corpus of scripture) as its doctrinal core, and which claims descent through the very first community of Buddhist monks. It is most prevalent in Southeast Asia, where it is often the predominant form of worship.</Text>
		</Row>
		<Row Tag="LOC_PEDIA_RELIGIONS_PAGE_RELIGION_CUSTOM_4_CHAPTER_HISTORY_PARA_1">
			<Text>Mahayana, or "Greater Vehicle" Buddhism is one of the major classification of Buddhist practices, and is the largest tradition of Buddhism today. It is characterized by its rich cosmology, ritualism, metaphysics, and universal ethics. A number of schools have descended from it, including Chan, Seon, and Zen Buddhism.</Text>
		</Row>
		<Row Tag="LOC_PEDIA_RELIGIONS_PAGE_RELIGION_CUSTOM_5_CHAPTER_HISTORY_PARA_1">
			<Text>Vajrayana or "Thunderbolt Vehicle" is a Tantric form of Buddhism most famously developed in Tibet. It differs from Mahayana Buddhism in some key aspects regarding the attainment of enlightenment within a single human lifetime. Vajrayana Buddhism is remarkable for its spectacular visual arts, including the Mandala, and its esoteric practices.</Text>
		</Row>
	</EnglishText>
</GameData>
