<?xml version="1.0" encoding="utf-8"?>
<!-- edited with XMLSPY v2004 rel. 2 U (http://www.xmlspy.com) by Ed Beach (Firaxis Games) -->
<GameData>
	<EnglishText>
		<Row Tag="LOC_INDONESIA_KHMER_SCENARIO_NAME">
			<Text>Path to Nirvana</Text>
		</Row>
		<Row Tag="LOC_INDONESIA_KHMER_SCENARIO_TOOLTIP">
			<Text>Which faith will shine most brightly in Asia? Lasts 50 turns.</Text>
		</Row>
		<Row Tag="LOC_INDONESIA_KHMER_SCENARIO_MAP_NAME">
			<Text>East Asia</Text>
		</Row>
		<Row Tag="LOC_INDONESIA_KHMER_SCENARIO_MAP_DESCRIPTION">
			<Text>A scenario representation of East Asia</Text>
		</Row>
		<Row Tag="LOC_INDONESIA_KHMER_SCENARIO_DESCRIPTION">
			<Text>The lands around the Indian Ocean flourish with many religions and many people. Heaven has chosen you to bring the light to all these lands. Is your faith up to the challenge? Can you convince the people of Southeast Asia to follow your religion?[NEWLINE][NEWLINE]In this 50 turn scenario, compete to have the most followers of your religion, the most faith per turn, and the most foreign cities following your religion.</Text>
		</Row>
		<Row Tag="LOC_VICTORY_INDONESIA_KHMER_SCENARIO_SCORE_DESCRIPTION">
			<Text>Nirvana is reach by achieving the highest score after the timelimit.</Text>
		</Row>
		<Row Tag="LOC_LOADING_INFO_INDONESIA_KHMER_SCENARIO">
			<Text>May the blessings of heaven descend upon you, o ruler! Many religions are practiced in these lands, and many creeds promise salvation. Will you spread your word into the hearts of the people? Or will these souls be swayed by other creeds? Leave the matters of state to the administrators, and turn your compassionate heart to the task of enlightenment.</Text>
		</Row>
		<!-- China-->
		<Row Tag="LOC_TRAIT_CIVILIZATION_SCENARIO_CHINA_NAME">
			<Text>Taoism</Text>
		</Row>
		<Row Tag="LOC_TRAIT_CIVILIZATION_SCENARIO_CHINA_DESCRIPTION">
			<Text>Starts with the Taoism Religion founded. This religion has the following beliefs:[NEWLINE][ICON_Bullet]River Goddess: +1 [ICON_Amenities] Amenity to cities if they have a Holy Site district adjacent to a River.[NEWLINE][ICON_Bullet]Feed the World: Shrines and Temples provide [ICON_Food] Food equal to their intrinsic [ICON_Faith] Faith output.[NEWLINE][ICON_Bullet]Pagoda: Allows construction of Pagodas (+3 [ICON_Faith] Faith). Priest units +1 Remove Heresy and Guru +1 Heal Charge. Unlocked with Printing.[NEWLINE][ICON_Bullet]Monastic Isolation: Your Religion's pressure never drops due to losses in Theological Combat.</Text>
		</Row>
		<Row Tag="LOC_TRAIT_LEADER_SCENARIO_CHINA_NAME">
			<Text>Civic</Text>
		</Row>
		<Row Tag="LOC_TRAIT_LEADER_SCENARIO_CHINA_DESCRIPTION">
			<Text>Starts with the Early Empire Civic.</Text>
		</Row>
		<!-- Chola-->
		<Row Tag="LOC_CIVILIZATION_SCENARIO_CHOLA_NAME">
			<Text>Chola</Text>
		</Row>
		<Row Tag="LOC_CIVILIZATION_SCENARIO_CHOLA_DESCRIPTION">
			<Text>Chola Empire</Text>
		</Row>
		<Row Tag="LOC_CIVILIZATION_SCENARIO_CHOLA_ADJECTIVE">
			<Text>Chola</Text>
		</Row>
		<Row Tag="LOC_TRAIT_CIVILIZATION_SCENARIO_CHOLA_NAME">
			<Text>Shaivism</Text>
		</Row>
		<Row Tag="LOC_TRAIT_CIVILIZATION_SCENARIO_CHOLA_DESCRIPTION">
			<Text>Starts with the Shaivism Religion founded. This religion has the following beliefs:[NEWLINE][ICON_Bullet]Sacred Path: Holy Site districts get +1 [ICON_Faith] Faith from adjacent Rainforest tiles.[NEWLINE][ICON_Bullet]Linga: May purchase Commercial Hub and Harbor district buildings with [ICON_Faith] Faith.[NEWLINE][ICON_Bullet]Stewardship: Each Commercial Hub or Harbor district in a city following this Religion provides +1 [ICON_FAITH] Faith.[NEWLINE][ICON_Bullet]Yoga: May purchase civilian units with [ICON_Faith] Faith.</Text>
		</Row>
		<Row Tag="LOC_TRAIT_LEADER_SCENARIO_CHOLA_NAME">
			<Text>Civic</Text>
		</Row>
		<Row Tag="LOC_TRAIT_LEADER_SCENARIO_CHOLA_DESCRIPTION">
			<Text>Starts with the Celestial Navigation Civic.</Text>
		</Row>
		<!-- Ghaznavid-->
		<Row Tag="LOC_CIVILIZATION_SCENARIO_GHAZNAVID_NAME">
			<Text>Ghaznavid</Text>
		</Row>
		<Row Tag="LOC_CIVILIZATION_SCENARIO_GHAZNAVID_DESCRIPTION">
			<Text>Ghaznavid Empire</Text>
		</Row>
		<Row Tag="LOC_CIVILIZATION_SCENARIO_GHAZNAVID_ADJECTIVE">
			<Text>Ghaznavid Empire</Text>
		</Row>
		<Row Tag="LOC_TRAIT_CIVILIZATION_SCENARIO_GHAZNAVID_NAME">
			<Text>Islam</Text>
		</Row>
		<Row Tag="LOC_TRAIT_CIVILIZATION_SCENARIO_GHAZNAVID_DESCRIPTION">
			<Text>Starts with the Islam Religion founded. This religion has the following beliefs:[NEWLINE][ICON_Bullet]Desert Folklore: Holy Site districts get +1 [ICON_Faith] Faith from adjacent Desert tiles.[NEWLINE][ICON_Bullet]Religious Community: Shrines and Temples each provide +1 [ICON_Housing] Housing.[NEWLINE][ICON_Bullet]Mosque: Allows construction of Mosques (+3 [ICON_Faith] Faith). Missionary and Monk units +1 Spread. Unlocked with Printing.[NEWLINE][ICON_Bullet]Pilgrimage: +2 [ICON_Faith] Faith for every city following this Religion in other civilizations and city-states.</Text>
		</Row>
		<Row Tag="LOC_TRAIT_LEADER_SCENARIO_GHAZNAVID_NAME">
			<Text>Civics</Text>
		</Row>
		<Row Tag="LOC_TRAIT_LEADER_SCENARIO_GHAZNAVID_DESCRIPTION">
			<Text>Starts with the Celestial Navigation, Currency, and Early Empire Civics.</Text>
		</Row>
		<!-- Indonesia-->
		<Row Tag="LOC_TRAIT_CIVILIZATION_SCENARIO_INDONESIA_NAME">
			<Text>Hindu Dharma</Text>
		</Row>
		<Row Tag="LOC_TRAIT_CIVILIZATION_SCENARIO_INDONESIA_DESCRIPTION">
			<Text>Starts with the Hindu Dharma Religion founded. This religion has the following beliefs:[NEWLINE][ICON_Bullet]God of the Sea: +1 [ICON_Production] Production from Fishing Boats.[NEWLINE][ICON_Bullet]Great Nusantara: Coast and Lake tiles provide a minor adjacency bonus for Holy Site districts.[NEWLINE][ICON_Bullet]Kampung: Your Builders can now make Kampung improvements. Unlocked with Guilds.[NEWLINE][ICON_Bullet]Itinerant Preachers: Religion spreads to cities 30% further away.</Text>
		</Row>
		<Row Tag="LOC_TRAIT_LEADER_SCENARIO_INDONESIA_NAME">
			<Text>Civic</Text>
		</Row>
		<Row Tag="LOC_TRAIT_LEADER_SCENARIO_INDONESIA_DESCRIPTION">
			<Text>Starts with the Celestial Navigation Civic.</Text>
		</Row>
		<!-- Khmer-->
		<Row Tag="LOC_TRAIT_CIVILIZATION_SCENARIO_KHMER_NAME">
			<Text>Theravada Buddhism</Text>
		</Row>
		<Row Tag="LOC_TRAIT_CIVILIZATION_SCENARIO_KHMER_DESCRIPTION">
			<Text>Starts with the Theravada Buddhism Religion founded. This religion has the following beliefs:[NEWLINE][ICON_Bullet]Stone Circles: +2 [ICON_Faith] Faith and +2 [ICON_Production] Production from Quarries.[NEWLINE][ICON_Bullet]Dāna:  Granaries each provide +3 [ICON_FAITH] Faith. +1 [ICON_Amenities] Amenitiy to each City.[NEWLINE][ICON_Bullet]Wat: Allows construction of Wats (+3 [ICON_Faith] Faith, +1 [ICON_Housing] Housing). Unlocked with Printing.[NEWLINE][ICON_Bullet]World Church: +1 [ICON_Culture] Culture for every 5 followers of this Religion in other civilizations.</Text>
		</Row>
		<Row Tag="LOC_TRAIT_LEADER_SCENARIO_KHMER_NAME">
			<Text>Civics</Text>
		</Row>
		<Row Tag="LOC_TRAIT_LEADER_SCENARIO_KHMER_DESCRIPTION">
			<Text>Starts with the Early Empire, Engineering, and Mysticism Civics.</Text>
		</Row>
		<!-- Pala-->
		<Row Tag="LOC_CIVILIZATION_SCENARIO_PALA_NAME">
			<Text>Pala</Text>
		</Row>
		<Row Tag="LOC_CIVILIZATION_SCENARIO_PALA_DESCRIPTION">
			<Text>Pala Empire</Text>
		</Row>
		<Row Tag="LOC_CIVILIZATION_SCENARIO_PALA_ADJECTIVE">
			<Text>Pala</Text>
		</Row>
		<Row Tag="LOC_TRAIT_CIVILIZATION_SCENARIO_PALA_NAME">
			<Text>Mahayana Buddhism</Text>
		</Row>
		<Row Tag="LOC_TRAIT_CIVILIZATION_SCENARIO_PALA_DESCRIPTION">
			<Text>Starts with the Mahayana Buddhism Religion founded. This religion has the following beliefs:[NEWLINE][ICON_Bullet]Earth Goddess: +1 Faith [ICON_Faith] from tiles with Charming or better Appeal.[NEWLINE][ICON_Bullet]Work Ethic: +1% [ICON_Production] Production for each follower.[NEWLINE][ICON_Bullet]Mahayana Stupa: Allows construction of Stupas (+3 [ICON_Faith] Faith, +1 [ICON_Amenities] Amenity). Unlocked with Printing.[NEWLINE][ICON_Bullet]Holy Order: Missionaries and Monks are 30% cheaper to purchase.</Text>
		</Row>
		<Row Tag="LOC_TRAIT_LEADER_SCENARIO_PALA_NAME">
			<Text>Civic</Text>
		</Row>
		<Row Tag="LOC_TRAIT_LEADER_SCENARIO_PALA_DESCRIPTION">
			<Text>Starts with the Mysticism Civic.</Text>
		</Row>
		<!-- Tufan-->
		<Row Tag="LOC_CIVILIZATION_SCENARIO_TUFAN_NAME">
			<Text>Tufan</Text>
		</Row>
		<Row Tag="LOC_CIVILIZATION_SCENARIO_TUFAN_DESCRIPTION">
			<Text>Tufan Empire</Text>
		</Row>
		<Row Tag="LOC_CIVILIZATION_SCENARIO_TUFAN_ADJECTIVE">
			<Text>Tufan</Text>
		</Row>
		<Row Tag="LOC_TRAIT_CIVILIZATION_SCENARIO_TUFAN_NAME">
			<Text>Vajrayana Buddhism</Text>
		</Row>
		<Row Tag="LOC_TRAIT_CIVILIZATION_SCENARIO_TUFAN_DESCRIPTION">
			<Text>Starts with the Vajrayana Buddhism Religion founded. This religion has the following beliefs:[NEWLINE][ICON_Bullet]God of the Open Sky: +2 [ICON_FOOD] Food from Pastures.[NEWLINE][ICON_Bullet]Zen Meditation: +1 [ICON_Amenities] Amenity in cities with 2 specialty districts.[NEWLINE][ICON_Bullet]Vajrayana Stupa: Allows construction of Stupas (+3 [ICON_Faith] Faith, +1 [ICON_Amenities] Amenity) Unlocked with Printing.[NEWLINE][ICON_Bullet]Missionary Zeal: Religious units ignore [ICON_Movement] Movement costs of terrain and features.</Text>
		</Row>
		<Row Tag="LOC_TRAIT_LEADER_SCENARIO_TUFAN_NAME">
			<Text>Civic</Text>
		</Row>
		<Row Tag="LOC_TRAIT_LEADER_SCENARIO_TUFAN_DESCRIPTION">
			<Text>Starts with the Mysticism Civic.</Text>
		</Row>
	</EnglishText>
</GameData>
